word	pos	group	emoji	ipa	vi	en	ex	syn
abrupt	adjective	neg_harm	⚡	/əˈbrʌpt/	đột ngột; cộc lốc	sudden and unexpected; rude and short	Our conversation came to an abrupt end.	sudden
abruptly	adverb	adv_manner	⚡	/əˈbrʌptli/	một cách đột ngột	suddenly and unexpectedly	The meeting ended abruptly.	suddenly
abusive	adjective	beh_conduct	🤬	/əˈbjuːsɪv/	lăng mạ, ngược đãi	rude, cruel or violent	He was sent off for abusive language.	insulting
affectionate	adjective	char_good	🤗	/əˈfekʃənət/	trìu mến	showing love and caring	He is very affectionate with his children.	loving
agenda	noun	soc_politics	📋	/əˈdʒendə/	chương trình nghị sự	a list of things to discuss; a hidden plan	Climate change is high on the agenda.	programme
alcoholic	adjective, noun	health_med	🍷	/ˌælkəˈhɒlɪk/	có cồn; người nghiện rượu	containing alcohol; a person addicted to alcohol	alcoholic drinks	—
allied	adjective	soc_politics	🤝	/ˈælaɪd/	liên minh; liên quan	joined as allies; related	allied forces	related
ambiguity	noun	speak	❓	/ˌæmbɪˈɡjuːəti/	sự mơ hồ, nước đôi	having more than one possible meaning	There is some ambiguity in the contract.	vagueness
ambiguous	adjective	speak	❓	/æmˈbɪɡjuəs/	mơ hồ, nước đôi	having more than one possible meaning	The ending of the film is ambiguous.	unclear
analogous	adjective	mind_reason	🔄	/əˈnæləɡəs/	tương tự	similar in some ways	The brain is analogous to a computer.	comparable
animated	adjective	char_strong	🎉	/ˈænɪmeɪtɪd/	sôi nổi; hoạt hình	full of energy; made as a cartoon	an animated discussion	lively
antibiotic	noun	health_med	💊	/ˌæntɪbaɪˈɒtɪk/	thuốc kháng sinh	a medicine that kills bacteria	The doctor prescribed antibiotics.	—
anticipation	noun	emo_pos	⏳	/ænˌtɪsɪˈpeɪʃən/	sự háo hức chờ đợi; sự dự đoán	excitement about something that will happen	The crowd waited in anticipation.	expectation
apologetic	adjective	beh_conduct	🙇	/əˌpɒləˈdʒetɪk/	hối lỗi	showing that you are sorry	She was very apologetic about being late.	sorry
appalling	adjective	neg_harm	😱	/əˈpɔːlɪŋ/	kinh khủng	very bad or shocking	The hotel was in an appalling condition.	terrible
applause	noun	arts	👏	/əˈplɔːz/	tràng pháo tay	clapping to show approval	The singer received loud applause.	clapping
arch	noun	things	🌉	/ɑːtʃ/	mái vòm, cổng vòm	a curved structure over an opening	a stone arch	—
arid	adjective	nature	🏜️	/ˈærɪd/	khô cằn	very dry, with little rain	an arid region	dry
armed	adjective	soc_politics	🔫	/ɑːmd/	có vũ trang	carrying weapons	armed police	—
arouse	verb	emo_pos	🔥	/əˈraʊz/	khơi dậy	to cause a feeling or reaction	The case aroused public interest.	stir
aspiring	adjective	self	🌠	/əˈspaɪərɪŋ/	đầy hoài bão, chớm nở	hoping to become something	an aspiring actor	would-be
assertive	adjective	char_strong	💪	/əˈsɜːtɪv/	quyết đoán, tự tin khẳng định	confident and saying clearly what you want	You need to be more assertive at work.	confident
associate	verb	mind_reason	🔗	/əˈsəʊsieɪt/	liên tưởng, gắn liền	to connect in your mind	I associate summer with the beach.	link
astronomy	noun	nature	🔭	/əˈstrɒnəmi/	thiên văn học	the study of stars and planets	He has a degree in astronomy.	—
at the outset	phrase	time	🏁	/ət ði ˈaʊtset/	ngay từ đầu	at the beginning	I said so at the outset.	at the start
attainable	adjective	judge_pos	🎯	/əˈteɪnəbəl/	có thể đạt được	possible to achieve	Set yourself attainable goals.	achievable
awe	noun	emo_pos	🤩	/ɔː/	sự kinh ngạc, kính sợ	a feeling of great respect and wonder	We stood in awe of the mountains.	wonder
backward	adjective	neg_quality	⏪	/ˈbækwəd/	lạc hậu; về phía sau	less developed; towards the back	a backward step	—
bark	verb	speak	🗣️	/bɑːk/	quát tháo; (chó) sủa	to say something loudly and angrily	The officer barked orders at the men.	shout
barn	noun	things	🏚️	/bɑːn/	nhà kho (ở trang trại)	a large farm building	The hay is kept in the barn.	—
blackmail	noun, verb	soc_crime	💌	/ˈblækmeɪl/	sự tống tiền	threatening to reveal secrets unless paid	He was arrested for blackmail.	extortion
bland	adjective	neg_quality	🥣	/blænd/	nhạt nhẽo	without taste or interest	The soup was rather bland.	tasteless
bleak	adjective	neg_harm	🌫️	/bliːk/	ảm đạm, u ám	without hope; cold and grey	The future looks bleak.	gloomy
blindness	noun	health_med	🦯	/ˈblaɪndnəs/	sự mù loà	being unable to see	The disease can cause blindness.	—
blink	verb	v_physical	😉	/blɪŋk/	chớp mắt	to close and open your eyes quickly	He didn't even blink.	—
blister	noun	health_body	🦶	/ˈblɪstə/	vết phồng rộp	a small bubble on the skin	New shoes gave me blisters.	—
blunt	adjective	char_social	🔪	/blʌnt/	thẳng thừng; cùn	saying what you think directly; not sharp	To be blunt, your work is not good enough.	frank
bomber	noun	soc_crime	💣	/ˈbɒmə/	kẻ đánh bom; máy bay ném bom	a person who plants bombs; a plane that drops bombs	The bomber was caught.	—
brass	noun	things	🎺	/brɑːs/	đồng thau; kèn đồng	a yellow metal; brass instruments	a brass band	—
breadth	noun	measure	↔️	/bretθ/	chiều rộng; bề rộng	width; a wide range	the breadth of her knowledge	range
bribery	noun	soc_crime	💰	/ˈbraɪbəri/	sự hối lộ	giving money to influence someone	He was accused of bribery.	corruption
broadminded	adjective	char_social	🌈	/ˌbrɔːdˈmaɪndɪd/	cởi mở, rộng lượng	willing to accept different ideas	My parents are very broadminded.	open-minded
bronze	noun	things	🥉	/brɒnz/	đồng thiếc; huy chương đồng	a brown metal; third place	She won a bronze medal.	—
bundle	noun	things	📦	/ˈbʌndəl/	bó, gói	a group of things tied together	a bundle of letters	bunch
buzz	noun	emo_pos	🐝	/bʌz/	cảm giác phấn khích; tiếng vo ve	excitement; a low humming sound	I get a real buzz from performing.	thrill
carefree	adjective	char_social	🎈	/ˈkeəfriː/	vô tư	without worries	a carefree childhood	relaxed
casserole	noun	things	🍲	/ˈkæsərəʊl/	món hầm	food cooked slowly in the oven	a chicken casserole	stew
catastrophe	noun	soc_crime	🌋	/kəˈtæstrəfi/	thảm hoạ	a sudden disaster	an environmental catastrophe	disaster
chancellor	noun	soc_politics	🏛️	/ˈtʃɑːnsələ/	thủ tướng; bộ trưởng tài chính (Anh)	a head of government; a senior official	the German Chancellor	—
chapel	noun	things	⛪	/ˈtʃæpəl/	nhà nguyện	a small church	a wedding in the chapel	—
charisma	noun	char_strong	✨	/kəˈrɪzmə/	sức hút	a strong personal charm	The president has great charisma.	charm
charismatic	adjective	char_strong	✨	/ˌkærɪzˈmætɪk/	lôi cuốn, có sức hút	having strong personal charm	a charismatic leader	charming
cheerfulness	noun	char_social	😊	/ˈtʃɪəfəlnəs/	sự vui vẻ	being happy and positive	Her cheerfulness lifted everyone.	happiness
chill	noun, verb	nature	🥶	/tʃɪl/	cái lạnh; làm lạnh	a feeling of cold; to make cold	There's a chill in the air.	cold
circular	adjective, noun	things	⭕	/ˈsɜːkjələ/	tròn; thông tư	round; a letter sent to many people	a circular table	round
clumsiness	noun	char_social	🙈	/ˈklʌmzinəs/	sự vụng về	being awkward and careless	His clumsiness caused the accident.	awkwardness
clutch	verb	v_physical	✊	/klʌtʃ/	nắm chặt	to hold tightly	She clutched her bag.	grip
coastline	noun	nature	🏖️	/ˈkəʊstlaɪn/	đường bờ biển	the shape of the coast	a rocky coastline	shore
coherence	noun	speak	🧩	/kəʊˈhɪərəns/	sự mạch lạc	being logical and clear	The essay lacks coherence.	clarity
coherent	adjective	speak	🧩	/kəʊˈhɪərənt/	mạch lạc	logical and clear	a coherent argument	logical
coldness	noun	char_social	🧊	/ˈkəʊldnəs/	sự lạnh lùng	an unfriendly manner	the coldness of her voice	—
comeback	noun	arts	🔙	/ˈkʌmbæk/	sự trở lại	a return to success	The singer made a comeback.	return
comforting	adjective	emo_pos	🫂	/ˈkʌmfətɪŋ/	an ủi	making you feel better	comforting words	reassuring
commemorate	verb	soc_politics	🕯️	/kəˈmeməreɪt/	tưởng niệm	to remember an important event	A statue commemorates the victims.	honour
compatible	adjective	judge_pos	🔌	/kəmˈpætəbəl/	tương thích; hợp nhau	able to work or live together	Is this software compatible with Mac?	suitable
complexion	noun	health_body	🧖	/kəmˈplekʃən/	nước da	the natural colour of your skin	a pale complexion	skin
complimentary	adjective	judge_pos	🎁	/ˌkɒmplɪˈmentəri/	khen ngợi; miễn phí	praising; given free	complimentary drinks	free
compulsive	adjective	beh_conduct	🔁	/kəmˈpʌlsɪv/	không kiểm soát được, nghiện	unable to stop doing something	a compulsive liar	obsessive
conceited	adjective	char_bad	🦚	/kənˈsiːtɪd/	tự phụ	too proud of yourself	He's so conceited.	arrogant
conclusive	adjective	mind_reason	✅	/kənˈkluːsɪv/	thuyết phục, dứt khoát	proving something clearly	conclusive evidence	decisive
conclusively	adverb	adv_degree	✅	/kənˈkluːsɪvli/	một cách dứt khoát	in a way that proves something	It was conclusively proved.	definitively
constrain	verb	v_decline	🚧	/kənˈstreɪn/	hạn chế, kìm hãm	to limit	We are constrained by a lack of money.	restrict
continental	adjective	nature	🌍	/ˌkɒntɪˈnentəl/	thuộc lục địa	relating to a continent	a continental climate	—
continuity	noun	time	🔗	/ˌkɒntɪˈnjuːəti/	tính liên tục	continuing without change	continuity in education	consistency
contradict	verb	speak	🙅	/ˌkɒntrəˈdɪkt/	phản bác; mâu thuẫn	to say the opposite	The evidence contradicts his story.	dispute
contradictory	adjective	speak	🔀	/ˌkɒntrəˈdɪktəri/	mâu thuẫn	opposite and not agreeing	contradictory statements	conflicting
coolness	noun	char_social	😎	/ˈkuːlnəs/	sự bình tĩnh; sự lạnh nhạt	calmness; unfriendliness	his coolness under pressure	calmness
coral	noun	nature	🪸	/ˈkɒrəl/	san hô	a hard substance formed by sea animals	a coral reef	—
corpse	noun	health_med	⚰️	/kɔːps/	xác chết	a dead body	The police found a corpse.	body
courteous	adjective	char_good	🙇	/ˈkɜːtiəs/	lịch sự, nhã nhặn	polite and respectful	The staff were very courteous.	polite
crackdown	noun	soc_politics	🚔	/ˈkrækdaʊn/	chiến dịch trấn áp	strong action against crime	a crackdown on drink-driving	clampdown
crave	verb	emo_pos	🍫	/kreɪv/	thèm khát	to want something very much	I crave chocolate.	long for
craving	noun	emo_pos	🍫	/ˈkreɪvɪŋ/	sự thèm muốn	a strong desire	a craving for sugar	longing
craziness	noun	char_social	🤪	/ˈkreɪzinəs/	sự điên rồ	crazy behaviour	the craziness of city life	madness
crisp	adjective	senses	🥨	/krɪsp/	giòn; (không khí) mát lạnh	hard and breaking easily; cold and fresh	a crisp autumn morning	crunchy
crumble	verb	v_decline	🍪	/ˈkrʌmbəl/	vỡ vụn; sụp đổ	to break into small pieces; to fail	The old walls are crumbling.	collapse
cunning	adjective	char_bad	🦊	/ˈkʌnɪŋ/	xảo quyệt	clever in a dishonest way	a cunning plan	sly
curb	verb, noun	v_decline	🛑	/kɜːb/	kiềm chế	to control or limit	measures to curb inflation	restrain
cutlery	noun	things	🍴	/ˈkʌtləri/	dao dĩa	knives, forks and spoons	Put the cutlery on the table.	—
dash	noun	measure	🧂	/dæʃ/	một chút	a small amount of something	a dash of milk	touch
dated	adjective	neg_quality	📼	/ˈdeɪtɪd/	lỗi thời	old-fashioned	The design looks dated now.	old-fashioned
dazed	adjective	emo_shock	😵	/deɪzd/	choáng váng	unable to think clearly	She was dazed after the fall.	stunned
dazzle	verb	senses	🌟	/ˈdæzəl/	làm loá mắt; gây choáng ngợp	to impress greatly; to make unable to see	We were dazzled by her performance.	amaze
dazzling	adjective	senses	🌟	/ˈdæzlɪŋ/	chói lọi; rực rỡ	extremely bright or impressive	a dazzling smile	brilliant
decaffeinated	adjective	things	☕	/diːˈkæfɪneɪtɪd/	đã khử cafein	with the caffeine removed	decaffeinated coffee	decaf
decay	noun, verb	nature	🍂	/dɪˈkeɪ/	sự mục nát; mục rữa	to be slowly destroyed naturally	tooth decay	rot
deceased	adjective	health_med	🕊️	/dɪˈsiːst/	đã qua đời	dead	her deceased husband	dead
deception	noun	beh_conduct	🎭	/dɪˈsepʃən/	sự lừa dối	making someone believe something false	He got the money by deception.	trickery
deceptive	adjective	neg_harm	🎭	/dɪˈseptɪv/	dễ gây lầm tưởng	making you believe something false	Appearances can be deceptive.	misleading
decisively	adverb	adv_manner	⚡	/dɪˈsaɪsɪvli/	một cách quyết đoán	firmly and quickly	She acted decisively.	firmly
dedicate	verb	beh_choice	🎗️	/ˈdedɪkeɪt/	cống hiến; đề tặng	to give time and energy to; to name in honour	He dedicated his life to medicine.	devote
deduce	verb	mind_reason	🕵️	/dɪˈdjuːs/	suy ra	to reach a conclusion from facts	From the clues, she deduced the answer.	infer
deduction	noun	mind_reason	🕵️	/dɪˈdʌkʃən/	sự suy luận; khoản khấu trừ	a conclusion from facts; an amount taken away	a logical deduction	conclusion
deepen	verb	v_grow	⬇️	/ˈdiːpən/	làm sâu sắc thêm	to become deeper or stronger	The crisis deepened.	intensify
defective	adjective	neg_quality	🔧	/dɪˈfektɪv/	có khuyết tật, lỗi	not working properly	a defective product	faulty
definitive	adjective	mind_reason	✅	/dɪˈfɪnətɪv/	dứt khoát; đáng tin cậy nhất	final; the best of its kind	a definitive answer	final
demolish	verb	v_decline	🏚️	/dɪˈmɒlɪʃ/	phá huỷ	to destroy a building	The old school was demolished.	knock down
deprivation	noun	soc_money	🥀	/ˌdeprɪˈveɪʃən/	sự thiếu thốn	lack of basic needs	sleep deprivation	poverty
descendant	noun	soc_life	🌳	/dɪˈsendənt/	con cháu, hậu duệ	a person related to someone who lived long ago	a descendant of the king	heir
desperation	noun	emo_sad	😰	/ˌdespəˈreɪʃən/	sự tuyệt vọng	the feeling of having no hope	In desperation, he called the police.	despair
detached	adjective	char_social	🧊	/dɪˈtætʃt/	tách biệt; thờ ơ	not emotionally involved; standing alone	a detached house	distant
deterrent	noun	soc_crime	🚧	/dɪˈterənt/	biện pháp răn đe	something that discourages an action	a deterrent to crime	disincentive
detrimental	adjective	neg_harm	⚠️	/ˌdetrɪˈmentəl/	có hại	causing harm	Smoking is detrimental to health.	harmful
devastating	adjective	emo_sad	💔	/ˈdevəsteɪtɪŋ/	tàn khốc; gây sốc	very destructive; very upsetting	devastating news	shattering
devastation	noun	soc_crime	🌪️	/ˌdevəˈsteɪʃən/	sự tàn phá	great destruction	the devastation caused by the storm	destruction
dialect	noun	speak	🗣️	/ˈdaɪəlekt/	phương ngữ	a local form of a language	the Hue dialect	accent
diarrhoea	noun	health_med	🚽	/ˌdaɪəˈrɪə/	tiêu chảy	an illness causing frequent loose waste	The water made him ill with diarrhoea.	—
dignified	adjective	char_good	🎩	/ˈdɪɡnɪfaɪd/	đường hoàng, trang nghiêm	calm and serious, deserving respect	a dignified silence	noble
dim	adjective	senses	🔅	/dɪm/	mờ, lờ mờ	not bright	a dim light	faint
diplomacy	noun	soc_politics	🤝	/dɪˈpləʊməsi/	ngoại giao; sự khéo léo	managing relations between countries; tact	international diplomacy	tact
diplomatically	adverb	adv_manner	🤝	/ˌdɪpləˈmætɪkli/	một cách khéo léo	in a tactful way	She answered diplomatically.	tactfully
discomfort	noun	health_med	😣	/dɪˈskʌmfət/	sự khó chịu	slight pain or unease	You may feel some discomfort.	pain
discreet	adjective	char_good	🤫	/dɪˈskriːt/	kín đáo	careful not to attract attention	He's very discreet.	tactful
discriminate	verb	soc_life	🚫	/dɪˈskrɪmɪneɪt/	phân biệt đối xử	to treat people unfairly	It is illegal to discriminate against women.	be biased
disgrace	noun, verb	neg_harm	😳	/dɪsˈɡreɪs/	sự hổ thẹn	loss of respect	The team's performance was a disgrace.	shame
disguise	noun, verb	beh_conduct	🥸	/dɪsˈɡaɪz/	sự cải trang; ngụy trang	to change appearance to hide	He escaped in disguise.	mask
disgust	noun	emo_shock	🤢	/dɪsˈɡʌst/	sự ghê tởm	a strong feeling of dislike	She looked at him with disgust.	revulsion
disillusioned	adjective	emo_sad	😞	/ˌdɪsɪˈluːʒənd/	vỡ mộng	disappointed after learning the truth	disillusioned with politics	disappointed
disloyal	adjective	char_bad	🐍	/dɪsˈlɔɪəl/	không trung thành	not loyal	a disloyal friend	unfaithful
dismay	noun	emo_sad	😧	/dɪˈsmeɪ/	sự thất vọng, mất tinh thần	shock and disappointment	To my dismay, the shop was closed.	alarm
disposable	adjective	things	🥤	/dɪˈspəʊzəbəl/	dùng một lần	made to be thrown away after use	disposable cups	throwaway
disposable income	noun	soc_money	💳	/dɪˌspəʊzəbəl ˈɪnkʌm/	thu nhập khả dụng	money left after paying bills	People have less disposable income.	—
disposed	adjective	beh_choice	🙂	/dɪˈspəʊzd/	sẵn lòng; có thiện cảm	willing; having a feeling towards	She was well disposed towards us.	inclined
disposition	noun	char_social	🙂	/ˌdɪspəˈzɪʃən/	tính khí	a person's natural character	a cheerful disposition	temperament
disqualify	verb	soc_life	🚫	/dɪˈskwɒlɪfaɪ/	truất quyền	to stop someone from taking part	He was disqualified from driving.	ban
disrespectful	adjective	beh_conduct	😒	/ˌdɪsrɪˈspektfəl/	thiếu tôn trọng	showing no respect	disrespectful behaviour	rude
disruptive	adjective	beh_conduct	📢	/dɪsˈrʌptɪv/	gây rối	causing problems	a disruptive student	troublesome
disturbance	noun	beh_conduct	📢	/dɪˈstɜːbəns/	sự náo loạn, làm phiền	a noise or trouble	Police were called to a disturbance.	disruption
disturbed	adjective	emo_shock	😟	/dɪˈstɜːbd/	bất an; rối loạn	worried; mentally ill	I was disturbed by the news.	upset
dole out	phrasal verb	beh_choice	🤲	/ˌdəʊl ˈaʊt/	phân phát	to give out in large amounts	He doles out advice to everyone.	hand out
doom	noun	emo_sad	☠️	/duːm/	số phận bi thảm	death or ruin that cannot be avoided	a sense of doom	disaster
doorway	noun	things	🚪	/ˈdɔːweɪ/	ô cửa	the space where a door opens	She stood in the doorway.	entrance
downhill	adverb, adjective	v_physical	⛷️	/ˌdaʊnˈhɪl/	xuống dốc	towards the bottom of a hill; getting worse	Things went downhill after that.	down
downward	adjective	measure	📉	/ˈdaʊnwəd/	đi xuống	moving towards a lower level	a downward trend	falling
dread	noun, verb	emo_shock	😨	/dred/	sự khiếp sợ	to fear something that will happen	I dread going to the dentist.	fear
dubious	adjective	neg_harm	🤨	/ˈdjuːbiəs/	đáng ngờ; nghi ngờ	probably not honest; doubtful	a dubious business deal	suspicious
eccentric	adjective	char_social	🎩	/ɪkˈsentrɪk/	lập dị	strange and unusual	an eccentric old man	odd
elapse	verb	time	⌛	/ɪˈlæps/	(thời gian) trôi qua	to pass	Three years elapsed before we met again.	pass
elated	adjective	emo_pos	🥳	/ɪˈleɪtɪd/	phấn khởi	very happy and excited	She was elated at the news.	overjoyed
elimination	noun	v_decline	❌	/ɪˌlɪmɪˈneɪʃən/	sự loại bỏ	removing something	the elimination of poverty	removal
elusive	adjective	neg_harm	🦋	/ɪˈluːsɪv/	khó nắm bắt	difficult to find or achieve	Success proved elusive.	hard to find
eminent	adjective	char_good	🏅	/ˈemɪnənt/	lỗi lạc	famous and respected	an eminent scientist	distinguished
emit	verb	nature	💨	/ɪˈmɪt/	phát ra, thải ra	to send out gas, light or sound	Cars emit harmful gases.	release
empathy	noun	char_good	💞	/ˈempəθi/	sự đồng cảm	the ability to share others' feelings	Good nurses have empathy.	understanding
endow	verb	soc_money	🎁	/ɪnˈdaʊ/	tài trợ; phú cho	to give money or a quality	She is endowed with great talent.	give
endurance	noun	char_strong	🏃	/ɪnˈdjʊərəns/	sức chịu đựng	the ability to continue	a test of endurance	stamina
engrossed	adjective	mind_know	📖	/ɪnˈɡrəʊst/	mải mê	giving all your attention to	He was engrossed in his book.	absorbed
envy	noun, verb	emo_pos	💚	/ˈenvi/	sự ghen tị	wanting what someone else has	I envy your freedom.	jealousy
equate	verb	mind_reason	🟰	/ɪˈkweɪt/	đánh đồng	to consider as the same	You can't equate money with happiness.	identify
eradicate	verb	v_decline	🧹	/ɪˈrædɪkeɪt/	xoá bỏ	to destroy completely	eradicate poverty	eliminate
erode	verb	nature	🌊	/ɪˈrəʊd/	xói mòn	to wear away slowly	The sea has eroded the cliffs.	wear away
erosion	noun	nature	🌊	/ɪˈrəʊʒən/	sự xói mòn	wearing away slowly	soil erosion	wearing away
ethical	adjective	judge_pos	⚖️	/ˈeθɪkəl/	hợp đạo đức	morally right	ethical business practices	moral
eventful	adjective	time	🎢	/ɪˈventfəl/	nhiều sự kiện	full of events	an eventful day	busy
eventual	adjective	time	🏁	/ɪˈventʃuəl/	cuối cùng	happening at the end	the eventual winner	final
excel	verb	beh_choice	🏆	/ɪkˈsel/	xuất sắc	to be very good at something	She excels at maths.	shine
exclaim	verb	speak	❗	/ɪksˈkleɪm/	thốt lên	to say suddenly and loudly	"""How beautiful!"" she exclaimed."	cry out
exemplify	verb	mind_reason	📌	/ɪɡˈzemplɪfaɪ/	minh hoạ, là ví dụ điển hình	to be a typical example of	This building exemplifies modern design.	illustrate
expressive	adjective	arts	🎭	/ɪkˈspresɪv/	giàu cảm xúc	showing feelings clearly	expressive eyes	eloquent
exquisite	adjective	judge_pos	💎	/ɪkˈskwɪzɪt/	tinh xảo	very beautiful and delicate	exquisite jewellery	beautiful
extravagant	adjective	beh_conduct	💸	/ɪkˈstrævəɡənt/	phung phí; xa hoa	spending too much money	an extravagant lifestyle	wasteful
facial	adjective	health_body	🙂	/ˈfeɪʃəl/	thuộc khuôn mặt	relating to the face	facial expressions	—
faint	adjective, verb	senses	😵	/feɪnt/	mờ nhạt; ngất	not strong or clear; to lose consciousness	a faint smell	weak
faithful	adjective	char_good	🐕	/ˈfeɪθfəl/	trung thành; trung thực	loyal; accurate	a faithful friend	loyal
familiarize	verb	mind_know	📖	/fəˈmɪliəraɪz/	làm quen	to learn about something	Familiarize yourself with the rules.	get to know
famine	noun	soc_crime	🌾	/ˈfæmɪn/	nạn đói	a serious lack of food	thousands died in the famine	starvation
fanatic	noun	char_social	🤯	/fəˈnætɪk/	người cuồng tín	a person with extreme enthusiasm	a football fanatic	enthusiast
faraway	adjective	nature	🗺️	/ˌfɑːrəˈweɪ/	xa xôi	a long distance away	faraway places	distant
faultless	adjective	judge_pos	💯	/ˈfɔːltləs/	hoàn hảo	without any mistakes	a faultless performance	perfect
fearful	adjective	emo_shock	😨	/ˈfɪəfəl/	sợ hãi	frightened or worried	fearful of the future	afraid
fearless	adjective	char_strong	🦁	/ˈfɪələs/	không sợ hãi	not afraid	a fearless explorer	brave
feast	noun	things	🍗	/fiːst/	bữa tiệc lớn	a large special meal	a wedding feast	banquet
feeble	adjective	neg_quality	🥀	/ˈfiːbəl/	yếu ớt; kém cỏi	very weak; not good enough	a feeble excuse	weak
fend for yourself	phrase	beh_choice	🧍	/ˌfend fə jɔːˈself/	tự lo liệu	to take care of yourself without help	Young birds must fend for themselves.	look after yourself
fertile	adjective	nature	🌱	/ˈfɜːtaɪl/	màu mỡ	able to produce many plants	fertile soil	rich
fictional	adjective	arts	📚	/ˈfɪkʃənəl/	hư cấu	existing only in stories	a fictional character	imaginary
fingertip	noun	health_body	☝️	/ˈfɪŋɡətɪp/	đầu ngón tay	the end of a finger	at your fingertips	—
finite	adjective	measure	⏹️	/ˈfaɪnaɪt/	có hạn	having a limit	The earth's resources are finite.	limited
fireplace	noun	things	🔥	/ˈfaɪəpleɪs/	lò sưởi	a space in a wall for a fire	We sat by the fireplace.	hearth
fist	noun	health_body	✊	/fɪst/	nắm đấm	a closed hand	He banged his fist on the table.	—
flair	noun	char_strong	🎨	/fleə/	năng khiếu	a natural ability	She has a flair for languages.	talent
flashback	noun	arts	🎞️	/ˈflæʃbæk/	cảnh hồi tưởng	a scene from the past in a story	The film is told in flashbacks.	—
flatten	verb	v_decline	🫓	/ˈflætən/	làm phẳng; san bằng	to make flat	The storm flattened the crops.	level
flawless	adjective	judge_pos	💎	/ˈflɔːləs/	hoàn mĩ	perfect	flawless skin	perfect
flick	verb	v_physical	👆	/flɪk/	búng, lướt nhanh	to move with a quick small movement	She flicked through the magazine.	flip
floppy	adjective	senses	🐶	/ˈflɒpi/	mềm rũ	soft and hanging loosely	a dog with floppy ears	limp
fluctuate	verb	v_decline	📊	/ˈflʌktʃueɪt/	dao động	to change often	Prices fluctuate daily.	vary
footstep	noun	senses	👣	/ˈfʊtstep/	tiếng bước chân	the sound of a step	I heard footsteps outside.	step
forceful	adjective	char_strong	💪	/ˈfɔːsfəl/	mạnh mẽ, đầy sức thuyết phục	strong and powerful	a forceful argument	powerful
foremost	adjective	judge_pos	🥇	/ˈfɔːməʊst/	hàng đầu	most important	one of the world's foremost experts	leading
foreseeable	adjective	time	🔮	/fɔːˈsiːəbəl/	có thể thấy trước	able to be predicted	in the foreseeable future	predictable
forgery	noun	soc_crime	🖋️	/ˈfɔːdʒəri/	sự giả mạo; đồ giả	making illegal copies; a fake	The painting was a forgery.	fake
forgiveness	noun	emo_pos	🕊️	/fəˈɡɪvnəs/	sự tha thứ	forgiving someone	She asked for his forgiveness.	pardon
formidable	adjective	judge_pos	🦍	/fɔːˈmɪdəbəl/	đáng gờm	powerful and difficult to deal with	a formidable opponent	impressive
foul	adjective, noun	neg_quality	🤢	/faʊl/	hôi thối; lỗi (thể thao)	very unpleasant; an illegal move in sport	a foul smell	disgusting
fragrance	noun	senses	🌸	/ˈfreɪɡrəns/	hương thơm; nước hoa	a pleasant smell; perfume	the fragrance of roses	scent
fragrant	adjective	senses	🌸	/ˈfreɪɡrənt/	thơm ngát	having a pleasant smell	fragrant flowers	sweet-smelling
frail	adjective	health_body	🥀	/freɪl/	yếu đuối, mỏng manh	weak and thin	a frail old woman	weak
frantic	adjective	emo_shock	😱	/ˈfræntɪk/	điên cuồng, cuống cuồng	very worried and rushed	a frantic search	panicky
fraudulent	adjective	soc_crime	🕵️	/ˈfrɔːdjələnt/	gian lận	dishonest and illegal	fraudulent claims	dishonest
frenzy	noun	emo_shock	🌀	/ˈfrenzi/	sự cuồng loạn	wild and uncontrolled activity	a shopping frenzy	madness
fringe	noun	things	💇	/frɪndʒ/	tóc mái; rìa	hair over the forehead; the edge	the fringe of the city	edge
frontier	noun	soc_politics	🗺️	/frʌnˈtɪə/	biên giới; giới hạn	a border; the limit of knowledge	the frontiers of science	border
frown	verb, noun	v_physical	😠	/fraʊn/	cau mày	to bring your eyebrows together	She frowned at me.	scowl
fulfilling	adjective	judge_pos	😊	/fʊlˈfɪlɪŋ/	đem lại sự mãn nguyện	making you satisfied	a fulfilling job	rewarding
fulfilment	noun	emo_pos	😊	/fʊlˈfɪlmənt/	sự mãn nguyện; sự hoàn thành	satisfaction; doing what was promised	a sense of fulfilment	satisfaction
fury	noun	emo_shock	😡	/ˈfjʊəri/	cơn thịnh nộ	extreme anger	He was shaking with fury.	rage
fussy	adjective	char_bad	🙄	/ˈfʌsi/	kén chọn, cầu kì	difficult to please	a fussy eater	picky
gamble	verb, noun	beh_choice	🎲	/ˈɡæmbəl/	đánh bạc; mạo hiểm	to risk money; a risky action	It was a gamble, but it paid off.	risk
gasp	verb, noun	v_physical	😮	/ɡɑːsp/	há hốc; thở hổn hển	to breathe in suddenly with surprise	The audience gasped.	pant
germ	noun	health_med	🦠	/dʒɜːm/	vi trùng	a tiny organism causing disease	Wash your hands to kill germs.	bacteria
giggle	verb, noun	v_physical	🤭	/ˈɡɪɡəl/	cười khúc khích	to laugh in a silly way	The children giggled.	titter
glare	verb, noun	v_physical	😠	/ɡleə/	trừng mắt; ánh chói	to look angrily; a strong light	She glared at him.	stare
glow	verb, noun	senses	🏮	/ɡləʊ/	ánh sáng dịu; toả sáng	to give a soft light	the glow of the lamp	shine
go overboard	phrase	beh_choice	🌊	/ˌɡəʊ ˈəʊvəbɔːd/	làm quá tay	to do too much	Don't go overboard on decorations.	overdo it
graceful	adjective	char_good	🦢	/ˈɡreɪsfəl/	duyên dáng	moving in a smooth, attractive way	a graceful dancer	elegant
grammatical	adjective	speak	📝	/ɡrəˈmætɪkəl/	thuộc ngữ pháp; đúng ngữ pháp	relating to grammar	grammatical mistakes	—
grim	adjective	neg_harm	😐	/ɡrɪm/	nghiêm nghị; ảm đạm	serious; unpleasant	grim news	bleak
groan	verb, noun	senses	😩	/ɡrəʊn/	rên rỉ	to make a deep sound of pain	He groaned with pain.	moan
grounds	noun	mind_reason	📜	/ɡraʊndz/	căn cứ, lí do	reasons for saying or doing something	grounds for divorce	reasons
gulf	noun	soc_life	🌊	/ɡʌlf/	hố sâu ngăn cách; vịnh	a big difference; a large bay	the gulf between rich and poor	gap
guts	noun	char_strong	🦁	/ɡʌts/	sự can đảm	courage	It takes guts to say no.	courage
harshly	adverb	adv_manner	🥶	/ˈhɑːʃli/	một cách khắc nghiệt	in a cruel or severe way	He was treated harshly.	severely
haul	verb, noun	v_physical	🚚	/hɔːl/	kéo lê; mẻ (cá, tang vật)	to pull with effort; an amount taken	They hauled the boat onto the beach.	drag
hazardous	adjective	neg_harm	☣️	/ˈhæzədəs/	nguy hiểm	dangerous	hazardous waste	dangerous
heap	noun	measure	⛰️	/hiːp/	đống	a messy pile	a heap of clothes	pile
heir	noun	soc_money	👑	/eə/	người thừa kế	a person who will receive property	the heir to the throne	successor
hesitation	noun	beh_choice	🤔	/ˌhezɪˈteɪʃən/	sự do dự	a pause before doing something	She agreed without hesitation.	doubt
hierarchical	adjective	soc_life	🔺	/ˌhaɪəˈrɑːkɪkəl/	theo thứ bậc	arranged in levels of importance	a hierarchical system	—
hinder	verb	v_decline	🚧	/ˈhɪndə/	cản trở	to make difficult	Bad weather hindered the search.	obstruct
hollow	adjective	senses	🕳️	/ˈhɒləʊ/	rỗng; sáo rỗng	empty inside; without real value	a hollow promise	empty
homelessness	noun	soc_money	🏚️	/ˈhəʊmləsnəs/	tình trạng vô gia cư	having no home	the problem of homelessness	—
hopelessly	adverb	adv_degree	😩	/ˈhəʊpləsli/	vô vọng, hoàn toàn	completely; without hope	hopelessly lost	completely
horrified	adjective	emo_shock	😱	/ˈhɒrɪfaɪd/	kinh hoàng	very shocked	I was horrified by the news.	appalled
horrifying	adjective	neg_harm	😱	/ˈhɒrɪfaɪɪŋ/	khủng khiếp	very shocking	a horrifying accident	terrifying
hum	verb, noun	senses	🎵	/hʌm/	ngân nga; tiếng vo ve	to sing with closed lips; a low sound	She hummed a tune.	buzz
humiliated	adjective	emo_sad	😳	/hjuːˈmɪlieɪtɪd/	bị bẽ mặt	very ashamed	I felt humiliated.	ashamed
humiliating	adjective	emo_sad	😳	/hjuːˈmɪlieɪtɪŋ/	nhục nhã	making you feel ashamed	a humiliating defeat	embarrassing
humility	noun	char_good	🙇	/hjuːˈmɪləti/	sự khiêm nhường	being humble	She accepted the prize with humility.	modesty
hygienic	adjective	health_med	🧼	/haɪˈdʒenɪk/	hợp vệ sinh	clean and free of germs	hygienic conditions	clean
hypocrisy	noun	char_bad	🎭	/hɪˈpɒkrəsi/	thói đạo đức giả	saying one thing and doing another	political hypocrisy	insincerity
hypocritical	adjective	char_bad	🎭	/ˌhɪpəˈkrɪtɪkəl/	đạo đức giả	saying one thing and doing another	It's hypocritical to complain about pollution and then drive everywhere.	two-faced
iceberg	noun	nature	🧊	/ˈaɪsbɜːɡ/	tảng băng trôi	a huge piece of floating ice	the tip of the iceberg	—
icily	adverb	adv_manner	🧊	/ˈaɪsəli/	một cách lạnh lùng	in a very unfriendly way	She smiled icily.	coldly
idle	adjective	beh_conduct	🛋️	/ˈaɪdəl/	nhàn rỗi; lười	not working; lazy	The machines stood idle.	inactive
idol	noun	arts	🌟	/ˈaɪdəl/	thần tượng	a person who is greatly admired	a pop idol	hero
ignorant	adjective	mind_know	🙈	/ˈɪɡnərənt/	thiếu hiểu biết	not knowing things	ignorant of the facts	uninformed
illiterate	adjective	mind_know	📖	/ɪˈlɪtərət/	mù chữ	unable to read or write	Many adults are still illiterate.	—
illustration	noun	arts	🖼️	/ˌɪləˈstreɪʃən/	hình minh hoạ; ví dụ	a picture in a book; an example	a book with colour illustrations	picture
imitation	noun	arts	🪞	/ˌɪmɪˈteɪʃən/	sự bắt chước; đồ giả	copying; a copy	an imitation leather bag	copy
immature	adjective	char_bad	👶	/ˌɪməˈtjʊə/	non nớt	behaving like a child	Don't be so immature.	childish
immortal	adjective	arts	♾️	/ɪˈmɔːtəl/	bất tử	living forever	immortal gods	eternal
immune system	noun	health_med	🛡️	/ɪˈmjuːn ˌsɪstəm/	hệ miễn dịch	the body's defence against disease	Sleep strengthens your immune system.	—
impatience	noun	emo_shock	⏱️	/ɪmˈpeɪʃəns/	sự thiếu kiên nhẫn	not being patient	She showed signs of impatience.	restlessness
imperative	adjective, noun	judge_pos	❗	/ɪmˈperətɪv/	cấp bách, cấp thiết	extremely important	It is imperative that we act now.	essential
implicit	adjective	speak	🤫	/ɪmˈplɪsɪt/	ngầm hiểu	suggested but not said directly	implicit criticism	implied
imply	verb	speak	💬	/ɪmˈplaɪ/	ngụ ý	to suggest without saying directly	Are you implying that I'm lying?	suggest
impossibility	noun	mind_know	🚫	/ɪmˌpɒsəˈbɪləti/	điều không thể	something that cannot happen	a practical impossibility	—
impulse	noun	beh_choice	⚡	/ˈɪmpʌls/	sự bốc đồng	a sudden wish to do something	I bought it on impulse.	urge
impulsive	adjective	char_bad	⚡	/ɪmˈpʌlsɪv/	bốc đồng	acting without thinking	an impulsive decision	rash
in a rut	phrase	emo_sad	🛞	/ɪn ə ˈrʌt/	rơi vào lối mòn	in a boring situation that doesn't change	I feel stuck in a rut.	—
in conjunction with	phrase	adv_degree	🤝	/ɪn kənˈdʒʌŋkʃən wɪð/	cùng với, kết hợp với	together with	The course is run in conjunction with the local college.	together with
in retrospect	phrase	time	🔙	/ɪn ˈretrəspekt/	nhìn lại thì	thinking about it later	In retrospect, it was a mistake.	looking back
inclination	noun	beh_choice	↗️	/ˌɪnklɪˈneɪʃən/	khuynh hướng, ý muốn	a feeling that you want to do something	I have no inclination to go.	tendency
inconceivable	adjective	mind_know	🤯	/ˌɪnkənˈsiːvəbəl/	không thể tưởng tượng được	impossible to imagine	It was inconceivable that he would lie.	unthinkable
inconsiderate	adjective	beh_conduct	😒	/ˌɪnkənˈsɪdərət/	thiếu ý tứ	not caring about others	inconsiderate neighbours	thoughtless
incurable	adjective	health_med	💔	/ɪnˈkjʊərəbəl/	không thể chữa	impossible to cure	an incurable disease	terminal
indefinitely	adverb	time	♾️	/ɪnˈdefɪnətli/	vô thời hạn	for an unknown period	The trip was postponed indefinitely.	—
indifference	noun	emo_shock	😐	/ɪnˈdɪfərəns/	sự thờ ơ	lack of interest	public indifference	apathy
indifferent	adjective	emo_shock	😐	/ɪnˈdɪfərənt/	thờ ơ	not interested	indifferent to the suffering of others	uninterested
indispensable	adjective	judge_pos	🔑	/ˌɪndɪˈspensəbəl/	không thể thiếu	absolutely necessary	A phone is indispensable today.	essential
indisputable	adjective	mind_reason	✅	/ˌɪndɪˈspjuːtəbəl/	không thể chối cãi	obviously true	indisputable facts	undeniable
individuality	noun	char_strong	🦄	/ˌɪndɪˌvɪdʒuˈæləti/	cá tính	qualities that make someone different	She expresses her individuality through clothes.	uniqueness
industrious	adjective	char_good	🐜	/ɪnˈdʌstriəs/	cần cù	hard-working	an industrious student	hard-working
inexplicable	adjective	mind_know	❓	/ˌɪnɪkˈsplɪkəbəl/	không thể giải thích	impossible to explain	an inexplicable mistake	mysterious
infancy	noun	time	👶	/ˈɪnfənsi/	thời thơ ấu; giai đoạn phôi thai	early childhood; an early stage	The technology is still in its infancy.	beginnings
infectious	adjective	health_med	🦠	/ɪnˈfekʃəs/	lây nhiễm; dễ lan truyền	spreading easily	an infectious laugh	contagious
inferior	adjective	neg_quality	⬇️	/ɪnˈfɪəriə/	kém hơn	not as good	inferior quality	worse
inferiority	noun	emo_sad	⬇️	/ɪnˌfɪəriˈɒrəti/	sự thấp kém	feeling less good than others	a feeling of inferiority	—
infinite	adjective	measure	♾️	/ˈɪnfɪnət/	vô hạn	without limits	infinite patience	endless
infinitely	adverb	adv_degree	♾️	/ˈɪnfɪnətli/	vô cùng	very much	This is infinitely better.	far
influx	noun	measure	🌊	/ˈɪnflʌks/	dòng người/vật đổ về	a large number arriving	an influx of tourists	flood
inhabit	verb	nature	🏘️	/ɪnˈhæbɪt/	cư trú, sinh sống	to live in a place	Rare birds inhabit the island.	live in
inheritance	noun	soc_money	💰	/ɪnˈherɪtəns/	tài sản thừa kế	money or property received after a death	She received a large inheritance.	legacy
inhibition	noun	emo_shock	🙊	/ˌɪnhɪˈbɪʃən/	sự e dè	a feeling that stops you acting naturally	She lost her inhibitions and danced.	shyness
inhuman	adjective	neg_harm	👹	/ɪnˈhjuːmən/	vô nhân tính	very cruel	inhuman treatment	cruel
innate	adjective	char_strong	🧬	/ɪˈneɪt/	bẩm sinh	natural, from birth	an innate ability	inborn
innocence	noun	char_good	😇	/ˈɪnəsəns/	sự vô tội; sự ngây thơ	not being guilty; lack of experience	He proved his innocence.	—
innumerable	adjective	measure	♾️	/ɪˈnjuːmərəbəl/	vô số	too many to count	innumerable problems	countless
insane	adjective	neg_harm	🤪	/ɪnˈseɪn/	điên rồ	mentally ill; very stupid	an insane idea	crazy
insecure	adjective	emo_sad	😟	/ˌɪnsɪˈkjʊə/	bất an, thiếu tự tin	not confident	She feels insecure about her looks.	unsure
insecurity	noun	emo_sad	😟	/ˌɪnsɪˈkjʊərəti/	sự bất an	a lack of confidence	job insecurity	anxiety
inseparable	adjective	soc_life	👯	/ɪnˈsepərəbəl/	không thể tách rời	always together	The two friends are inseparable.	close
insofar as	conjunction	adv_degree	📏	/ˌɪnsəˈfɑːr əz/	trong chừng mực	to the degree that	I helped insofar as I could.	as far as
insomnia	noun	health_med	🌙	/ɪnˈsɒmniə/	chứng mất ngủ	being unable to sleep	She suffers from insomnia.	sleeplessness
intellect	noun	mind_know	🧠	/ˈɪntəlekt/	trí tuệ	the ability to think	a woman of great intellect	intelligence
intellectually	adverb	adv_degree	🧠	/ˌɪntəˈlektʃuəli/	về mặt trí tuệ	in a way that relates to thinking	intellectually challenging	mentally
intensely	adverb	adv_degree	🔥	/ɪnˈtensli/	mãnh liệt	extremely	intensely private	extremely
intolerable	adjective	neg_harm	😤	/ɪnˈtɒlərəbəl/	không thể chịu nổi	too bad to accept	intolerable noise	unbearable
intolerance	noun	soc_life	🚫	/ɪnˈtɒlərəns/	sự không khoan dung; không dung nạp	not accepting others; a bad reaction to food	religious intolerance	prejudice
intolerant	adjective	char_bad	🚫	/ɪnˈtɒlərənt/	không khoan dung	not accepting different ideas	intolerant of other views	narrow-minded
intrinsic	adjective	judge_pos	🧬	/ɪnˈtrɪnzɪk/	nội tại, vốn có	belonging naturally	the intrinsic value of education	inherent
introvert	noun	char_social	🐢	/ˈɪntrəʊvɜːt/	người hướng nội	a quiet, shy person	As an introvert, I need time alone.	—
intrude	verb	beh_conduct	🚪	/ɪnˈtruːd/	xâm phạm	to go where you are not wanted	I don't want to intrude.	interfere
intruder	noun	soc_crime	🥷	/ɪnˈtruːdə/	kẻ đột nhập	a person who enters without permission	The alarm scared the intruder away.	burglar
intrusion	noun	beh_conduct	🚪	/ɪnˈtruːʒən/	sự xâm phạm	entering where you are not wanted	an intrusion into my privacy	invasion
intuition	noun	mind_know	💡	/ˌɪntjuˈɪʃən/	trực giác	knowing without thinking	Trust your intuition.	instinct
invariably	adverb	adv_degree	🔁	/ɪnˈveəriəbli/	luôn luôn	always	He is invariably late.	always
irrational	adjective	mind_know	🌀	/ɪˈræʃənəl/	phi lí	not based on reason	an irrational fear	illogical
irresistible	adjective	judge_pos	😍	/ˌɪrɪˈzɪstəbəl/	không thể cưỡng lại	too attractive to resist	an irresistible offer	tempting
irrespective of	preposition	adv_degree	🤷	/ˌɪrɪˈspektɪv əv/	bất kể	without considering	irrespective of age	regardless of
irreversible	adjective	v_decline	⛔	/ˌɪrɪˈvɜːsəbəl/	không thể đảo ngược	impossible to change back	irreversible damage	permanent
irritable	adjective	char_bad	😠	/ˈɪrɪtəbəl/	dễ cáu	easily annoyed	He gets irritable when tired.	grumpy
irritation	noun	emo_shock	😤	/ˌɪrɪˈteɪʃən/	sự bực mình; kích ứng	annoyance; soreness of the skin	skin irritation	annoyance
itch	verb, noun	health_body	🦟	/ɪtʃ/	ngứa	to feel you want to scratch	My leg itches.	—
juggle	verb	beh_choice	🤹	/ˈdʒʌɡəl/	tung hứng; xoay xở	to throw and catch; to manage many things	She juggles work and family.	balance
juicy	adjective	senses	🍑	/ˈdʒuːsi/	mọng nước; hấp dẫn	full of juice; interesting	juicy gossip	succulent
jump on the bandwagon	phrase	beh_choice	🚌	/ˌdʒʌmp ɒn ðə ˈbændwæɡən/	chạy theo trào lưu	to do something because it is popular	Many firms have jumped on the green bandwagon.	—
justifiable	adjective	judge_pos	✅	/ˈdʒʌstɪfaɪəbəl/	có thể biện minh	having a good reason	justifiable anger	reasonable
knot	noun	things	🪢	/nɒt/	nút thắt	a tied part of string	Tie a knot in the rope.	—
knowingly	adverb	adv_manner	😏	/ˈnəʊɪŋli/	cố ý; ra vẻ hiểu biết	deliberately; showing you know	He knowingly broke the law.	deliberately
knuckle	noun	health_body	✊	/ˈnʌkəl/	khớp ngón tay	a joint in the finger	She cracked her knuckles.	—
laid-back	adjective	char_social	😌	/ˌleɪdˈbæk/	thoải mái, thư thái	relaxed and calm	a laid-back attitude	easy-going
lavish	adjective	judge_pos	💎	/ˈlævɪʃ/	xa hoa, hào phóng	expensive and impressive	a lavish party	luxurious
lenient	adjective	char_good	🤲	/ˈliːniənt/	khoan dung	not strict	a lenient sentence	mild
lifespan	noun	time	⏳	/ˈlaɪfspæn/	tuổi thọ	how long something lives	the average lifespan	lifetime
linen	noun	things	🛏️	/ˈlɪnɪn/	vải lanh; khăn trải	cloth; sheets and tablecloths	bed linen	—
literal	adjective	speak	🔤	/ˈlɪtərəl/	theo nghĩa đen	using the basic meaning	a literal translation	exact
literate	adjective	mind_know	📚	/ˈlɪtərət/	biết đọc viết	able to read and write	computer literate	educated
loathe	verb	emo_shock	🤮	/ləʊð/	ghê tởm, cực ghét	to hate very much	I loathe waiting.	detest
loathing	noun	emo_shock	🤮	/ˈləʊðɪŋ/	sự ghê tởm	strong hatred	a deep loathing of violence	hatred
loft	noun	things	🏠	/lɒft/	gác xép	a room under a roof	We keep old toys in the loft.	attic
logically	adverb	adv_manner	🧠	/ˈlɒdʒɪkli/	một cách hợp lí	in a reasonable way	Think logically.	rationally
long-lasting	adjective	time	⏳	/ˌlɒŋˈlɑːstɪŋ/	lâu bền	continuing for a long time	long-lasting effects	lasting
long-running	adjective	time	📺	/ˌlɒŋˈrʌnɪŋ/	kéo dài, lâu năm	continuing for a long time	a long-running TV series	—
longevity	noun	health_body	🐢	/lɒnˈdʒevəti/	sự trường thọ	long life	the secret of longevity	long life
longing	noun	emo_pos	💭	/ˈlɒŋɪŋ/	sự khao khát	a strong wish	a longing for home	yearning
loosen	verb	v_decline	🪢	/ˈluːsən/	nới lỏng	to make less tight	He loosened his tie.	slacken
lucrative	adjective	judge_pos	💰	/ˈluːkrətɪv/	sinh lời	making a lot of money	a lucrative business	profitable
lump	noun	things	🧱	/lʌmp/	cục, khối u	a solid piece; a swelling	a lump of sugar	chunk
lure	verb, noun	beh_choice	🎣	/lʊə/	dụ dỗ; sức hấp dẫn	to attract, often by a trick	The shops lure customers with discounts.	tempt
malicious	adjective	char_bad	😈	/məˈlɪʃəs/	hiểm độc	intending to harm	malicious gossip	spiteful
masterpiece	noun	arts	🖼️	/ˈmɑːstəpiːs/	kiệt tác	a work of great skill	Mona Lisa is a masterpiece.	—
materialism	noun	char_bad	💎	/məˈtɪəriəlɪzəm/	chủ nghĩa vật chất	caring too much about money and things	a culture of materialism	—
materialist	noun	char_bad	💎	/məˈtɪəriəlɪst/	người thực dụng	a person who values possessions	He's a true materialist.	—
materialistic	adjective	char_bad	💎	/məˌtɪəriəˈlɪstɪk/	thực dụng, vật chất	caring too much about money and things	a materialistic society	—
medically	adverb	adv_degree	🩺	/ˈmedɪkli/	về mặt y học	in a medical way	medically trained	—
mediocre	adjective	neg_quality	😐	/ˌmiːdiˈəʊkə/	tầm thường	not very good	a mediocre film	average
mediocrity	noun	neg_quality	😐	/ˌmiːdiˈɒkrəti/	sự tầm thường	being not very good	a life of mediocrity	—
merciful	adjective	char_good	🕊️	/ˈmɜːsɪfəl/	nhân từ	showing mercy	a merciful judge	forgiving
merciless	adjective	char_bad	🐺	/ˈmɜːsɪləs/	tàn nhẫn	showing no mercy	a merciless attack	cruel
meticulous	adjective	char_good	🔍	/məˈtɪkjələs/	tỉ mỉ	very careful with details	meticulous planning	careful
mighty	adjective	measure	💪	/ˈmaɪti/	hùng mạnh	very large or powerful	the mighty river	powerful
millennium	noun	time	📅	/mɪˈleniəm/	thiên niên kỉ	a period of 1,000 years	the start of the new millennium	—
mingle	verb	beh_choice	🥂	/ˈmɪŋɡəl/	hoà mình; trộn lẫn	to meet and talk with people; to mix	She mingled with the guests.	socialize
miniature	adjective, noun	measure	🏠	/ˈmɪnətʃə/	thu nhỏ	very small	a miniature train	tiny
mishap	noun	soc_crime	🙈	/ˈmɪshæp/	rủi ro nhỏ	a small accident	a minor mishap	accident
misinterpret	verb	mind_know	🔀	/ˌmɪsɪnˈtɜːprɪt/	hiểu sai	to understand wrongly	She misinterpreted my silence.	misunderstand
misinterpretation	noun	mind_know	🔀	/ˌmɪsɪnˌtɜːprɪˈteɪʃən/	sự hiểu sai	a wrong understanding	a misinterpretation of the data	—
misplace	verb	v_physical	🔍	/mɪsˈpleɪs/	để thất lạc	to lose something temporarily	I've misplaced my keys.	lose
misunderstand	verb	mind_know	🤔	/ˌmɪsʌndəˈstænd/	hiểu lầm	to understand wrongly	Don't misunderstand me.	misinterpret
moan	verb, noun	speak	😩	/məʊn/	than vãn; rên	to complain; to make a low sound	He's always moaning about work.	complain
moderately	adverb	adv_degree	⚖️	/ˈmɒdərətli/	vừa phải	fairly	moderately successful	fairly
modestly	adverb	adv_manner	🙇	/ˈmɒdɪstli/	khiêm tốn; vừa phải	in a humble way; slightly	She smiled modestly.	humbly
monetary	adjective	soc_money	💰	/ˈmʌnɪtri/	thuộc tiền tệ	relating to money	monetary policy	financial
morale	noun	emo_pos	📣	/məˈrɑːl/	tinh thần	confidence and hope of a group	Team morale is high.	spirit
mortality	noun	health_med	⚰️	/mɔːˈtæləti/	tỉ lệ tử vong; sự chết	the number of deaths; being mortal	infant mortality	death rate
mount a campaign	phrase	beh_choice	📣	/ˌmaʊnt ə kæmˈpeɪn/	phát động chiến dịch	to organise a series of activities	They mounted a campaign to save the park.	launch
muddle	noun, verb	mind_know	🌀	/ˈmʌdəl/	tình trạng lộn xộn; làm rối	confusion; to mix up	I got in a muddle with the dates.	mess
muddled	adjective	mind_know	🌀	/ˈmʌdəld/	lộn xộn, rối rắm	confused	muddled thinking	confused
murmur	verb, noun	speak	🤫	/ˈmɜːmə/	thì thầm	to speak very quietly	She murmured a reply.	whisper
musically	adverb	adv_degree	🎵	/ˈmjuːzɪkli/	về mặt âm nhạc	in a musical way	musically gifted	—
narrative	noun	arts	📖	/ˈnærətɪv/	câu chuyện, lời kể	a story	a narrative of his travels	story
narrator	noun	arts	🎙️	/nəˈreɪtə/	người kể chuyện	the person telling a story	The narrator is a young girl.	storyteller
needless	adjective	neg_harm	🙅	/ˈniːdləs/	không cần thiết	not needed	needless to say	unnecessary
negligence	noun	soc_crime	⚠️	/ˈneɡlɪdʒəns/	sự cẩu thả	failure to take proper care	medical negligence	carelessness
negligent	adjective	beh_conduct	⚠️	/ˈneɡlɪdʒənt/	cẩu thả	not taking proper care	a negligent driver	careless
negligible	adjective	measure	🤏	/ˈneɡlɪdʒəbəl/	không đáng kể	too small to matter	a negligible difference	tiny
normality	noun	soc_life	🏠	/nɔːˈmæləti/	sự bình thường	a normal situation	a return to normality	normalcy
nostalgia	noun	emo_pos	📻	/nɒsˈtældʒə/	nỗi hoài niệm	happy sadness about the past	nostalgia for childhood	longing
nostalgic	adjective	emo_pos	📻	/nɒsˈtældʒɪk/	hoài niệm	thinking fondly about the past	a nostalgic song	sentimental
nostril	noun	health_body	👃	/ˈnɒstrəl/	lỗ mũi	one of the openings in the nose	He breathed through his nostrils.	—
novelty	noun	judge_pos	✨	/ˈnɒvəlti/	sự mới lạ	being new and unusual	The novelty soon wore off.	newness
obligatory	adjective	soc_life	📌	/əˈblɪɡətəri/	bắt buộc	required by rule	Attendance is obligatory.	compulsory
observant	adjective	char_good	👀	/əbˈzɜːvənt/	tinh ý	good at noticing things	an observant child	alert
obsessive	adjective	beh_conduct	🌀	/əbˈsesɪv/	ám ảnh, thái quá	thinking about something too much	obsessive about cleanliness	compulsive
oddly	adverb	adv_degree	🤨	/ˈɒdli/	một cách kì lạ	strangely	Oddly enough, I liked it.	strangely
odour	noun	senses	👃	/ˈəʊdə/	mùi (khó chịu)	a smell, often unpleasant	a strange odour	smell
of your own accord	phrase	beh_choice	🙋	/əv jɔːr ˌəʊn əˈkɔːd/	tự nguyện, tự ý	without being asked or forced	She left the company of her own accord.	voluntarily
off-putting	adjective	neg_quality	🙅	/ˌɒfˈpʊtɪŋ/	gây mất hứng	unpleasant, making you not want something	an off-putting smell	unpleasant
offset	verb	v_grow	⚖️	/ˌɒfˈset/	bù đắp	to balance one effect against another	Higher prices offset the lower sales.	compensate
omission	noun	speak	✂️	/əʊˈmɪʃən/	sự bỏ sót	something left out	an important omission	exclusion
on the brink of	phrase	time	🧗	/ɒn ðə ˈbrɪŋk əv/	bên bờ vực	very close to something	The company is on the brink of collapse.	on the verge of
on the same wavelength	phrase	soc_life	📡	/ɒn ðə ˌseɪm ˈweɪvleŋθ/	hợp nhau, cùng tần số	having the same ideas	We're on the same wavelength.	—
on the verge of	phrase	time	🧗	/ɒn ðə ˈvɜːdʒ əv/	sắp sửa, trên bờ vực	very close to	on the verge of tears	on the brink of
onwards	adverb	time	➡️	/ˈɒnwədz/	trở đi	from a time and after	from 2020 onwards	forward
openness	noun	char_social	🌞	/ˈəʊpənnəs/	sự cởi mở	being honest and open	openness to new ideas	frankness
opposed	adjective	mind_reason	🙅	/əˈpəʊzd/	phản đối	disagreeing strongly	I'm opposed to the plan.	against
ordeal	noun	emo_sad	😖	/ɔːˈdɪəl/	thử thách khắc nghiệt	a very bad experience	a terrible ordeal	trial
ornament	noun	things	🏺	/ˈɔːnəmənt/	đồ trang trí	a decorative object	Christmas ornaments	decoration
orphan	noun	soc_life	🧒	/ˈɔːfən/	trẻ mồ côi	a child whose parents are dead	He was an orphan.	—
orthodox	adjective	mind_reason	📘	/ˈɔːθədɒks/	chính thống	generally accepted	orthodox medicine	conventional
outgoing	adjective	char_social	🥳	/ˌaʊtˈɡəʊɪŋ/	hoà đồng	friendly and sociable	an outgoing personality	sociable
outgoings	noun	soc_money	💸	/ˈaʊtɡəʊɪŋz/	các khoản chi	money you spend regularly	Our outgoings are high.	expenses
overflow	verb	v_decline	🌊	/ˌəʊvəˈfləʊ/	tràn ra	to be too full	The river overflowed.	flood
overhear	verb	senses	👂	/ˌəʊvəˈhɪə/	nghe lỏm	to hear by chance	I overheard their conversation.	eavesdrop
overlap	verb	v_decline	🔀	/ˌəʊvəˈlæp/	chồng lên nhau, trùng lặp	to cover part of the same area	Our holidays overlap.	coincide
pact	noun	soc_politics	🤝	/pækt/	hiệp ước, giao ước	a formal agreement	a peace pact	agreement
paradigm	noun	mind_reason	🧭	/ˈpærədaɪm/	mô hình, hệ hình	a model or typical example	a new paradigm for teaching	model
paradox	noun	mind_reason	🔄	/ˈpærədɒks/	nghịch lí	a statement that seems impossible but may be true	It's a paradox that the more you rest, the more tired you feel.	contradiction
paradoxical	adjective	mind_reason	🔄	/ˌpærəˈdɒksɪkəl/	nghịch lí	seeming impossible but true	a paradoxical situation	contradictory
paramount	adjective	judge_pos	🥇	/ˈpærəmaʊnt/	tối quan trọng	more important than anything else	Safety is paramount.	supreme
particle	noun	nature	⚛️	/ˈpɑːtɪkəl/	hạt, phân tử	a very small piece	dust particles	speck
pastime	noun	arts	🎣	/ˈpɑːstaɪm/	trò tiêu khiển	an activity done for pleasure	Fishing is his favourite pastime.	hobby
pat	verb	v_physical	🐶	/pæt/	vỗ nhẹ	to touch gently with a flat hand	She patted the dog.	tap
pathetic	adjective	neg_quality	😒	/pəˈθetɪk/	thảm hại	very bad; making you feel pity	a pathetic excuse	pitiful
peep	verb	v_physical	👀	/piːp/	nhìn trộm, ló ra	to look quickly and secretly	She peeped through the curtains.	peek
peer pressure	noun	soc_life	👥	/ˈpɪə ˌpreʃə/	áp lực đồng trang lứa	the influence of people your age	Teenagers often give in to peer pressure.	—
perceptive	adjective	char_good	👀	/pəˈseptɪv/	sâu sắc, nhạy bén	quick to notice and understand	a perceptive comment	insightful
perseverance	noun	char_strong	🧗	/ˌpɜːsɪˈvɪərəns/	sự kiên trì	continuing despite difficulty	Success needs perseverance.	persistence
persistence	noun	char_strong	🐢	/pəˈsɪstəns/	sự bền bỉ	continuing to try	Her persistence paid off.	determination
perspective	noun	mind_reason	🔭	/pəˈspektɪv/	góc nhìn; phối cảnh	a way of thinking about something	from a different perspective	viewpoint
persuasion	noun	speak	🗣️	/pəˈsweɪʒən/	sự thuyết phục	persuading someone	After some persuasion, he agreed.	convincing
petty	adjective	neg_quality	🐜	/ˈpeti/	vặt vãnh; nhỏ nhen	unimportant; unkind about small things	petty arguments	trivial
phenomenal	adjective	judge_pos	🤩	/fɪˈnɒmɪnəl/	phi thường	extremely good or large	a phenomenal success	extraordinary
pinpoint	verb	mind_reason	📍	/ˈpɪnpɔɪnt/	xác định chính xác	to find exactly	We pinpointed the cause of the problem.	identify
pitiful	adjective	neg_quality	🥺	/ˈpɪtɪfəl/	đáng thương; tệ hại	making you feel pity; very bad	a pitiful sight	pathetic
plague	noun, verb	health_med	🦠	/pleɪɡ/	bệnh dịch; gây khổ sở	a deadly disease; to cause trouble for	The team has been plagued by injuries.	trouble
plausible	adjective	mind_reason	🤔	/ˈplɔːzəbəl/	hợp lí, có vẻ đúng	likely to be true	a plausible explanation	believable
plethora	noun	measure	🌈	/ˈpleθərə/	sự quá nhiều	a very large amount	a plethora of choices	abundance
plight	noun	soc_crime	🆘	/plaɪt/	cảnh ngộ khó khăn	a very difficult situation	the plight of refugees	predicament
plump	adjective	health_body	🍑	/plʌmp/	tròn trịa, mũm mĩm	slightly fat in a pleasant way	a plump baby	chubby
poetic	adjective	arts	🪶	/pəʊˈetɪk/	đầy chất thơ	like poetry; beautiful	poetic language	lyrical
ponder	verb	mind_know	🤔	/ˈpɒndə/	cân nhắc, suy ngẫm	to think carefully	She pondered the question.	consider
portrayal	noun	arts	🖼️	/pɔːˈtreɪəl/	sự khắc hoạ	the way something is shown	his portrayal of the king	depiction
pose	verb	v_grow	⚠️	/pəʊz/	gây ra (vấn đề); tạo dáng	to cause a problem; to sit for a photo	Pollution poses a threat to health.	present
posh	adjective	judge_pos	🎩	/pɒʃ/	sang trọng	expensive and high-class	a posh hotel	smart
possessive	adjective	char_bad	🔒	/pəˈzesɪv/	chiếm hữu	wanting someone all to yourself	a possessive boyfriend	jealous
pragmatic	adjective	char_strong	🛠️	/præɡˈmætɪk/	thực tế	dealing with things sensibly	a pragmatic approach	practical
predominant	adjective	measure	📊	/prɪˈdɒmɪnənt/	chiếm ưu thế	most noticeable or common	The predominant colour is blue.	main
presumption	noun	mind_reason	🤔	/prɪˈzʌmpʃən/	sự giả định	something thought to be true	the presumption of innocence	assumption
preventive	adjective	health_med	🛡️	/prɪˈventɪv/	phòng ngừa	intended to stop something	preventive medicine	preventative
privileged	adjective	soc_money	🎩	/ˈprɪvəlɪdʒd/	có đặc quyền	having advantages	a privileged background	wealthy
procession	noun	soc_politics	🚶	/prəˈseʃən/	đoàn diễu hành	a line of people moving slowly	a funeral procession	parade
profoundly	adverb	adv_degree	🌊	/prəˈfaʊndli/	sâu sắc	deeply	profoundly affected	deeply
prone	adjective	beh_choice	↘️	/prəʊn/	dễ bị, có xu hướng	likely to suffer or do	prone to injury	likely
prosper	verb	v_grow	📈	/ˈprɒspə/	thịnh vượng	to be successful	The town prospered.	thrive
protagonist	noun	arts	🦸	/prəʊˈtæɡənɪst/	nhân vật chính	the main character	The protagonist is a young girl.	hero
proverb	noun	speak	📜	/ˈprɒvɜːb/	tục ngữ	a short saying with advice	an old Vietnamese proverb	saying
provocation	noun	beh_conduct	😠	/ˌprɒvəˈkeɪʃən/	sự khiêu khích	an action that makes someone angry	He reacted without provocation.	incitement
proximity	noun	measure	📍	/prɒkˈsɪməti/	sự gần gũi (khoảng cách)	nearness	in close proximity to the station	closeness
psychiatrist	noun	health_med	🧑‍⚕️	/saɪˈkaɪətrɪst/	bác sĩ tâm thần	a doctor who treats mental illness	She sees a psychiatrist.	—
pushy	adjective	char_bad	👉	/ˈpʊʃi/	hay ép buộc	too eager to get what you want	a pushy salesman	aggressive
quaint	adjective	judge_pos	🏡	/kweɪnt/	cổ kính, lạ mắt	attractive and old-fashioned	a quaint village	charming
questionable	adjective	neg_harm	🤨	/ˈkwestʃənəbəl/	đáng ngờ	possibly not honest or true	questionable methods	doubtful
rash	adjective	beh_conduct	⚡	/ræʃ/	hấp tấp	done without thinking	a rash decision	hasty
readiness	noun	beh_choice	🙋	/ˈredɪnəs/	sự sẵn sàng	being ready	her readiness to help	willingness
readjust	verb	v_grow	🔧	/ˌriːəˈdʒʌst/	điều chỉnh lại	to change to fit a new situation	It takes time to readjust.	adapt
realistically	adverb	adv_manner	🎯	/ˌrɪəˈlɪstɪkli/	một cách thực tế	in a practical way	Realistically, we can't finish today.	practically
reap	verb	v_grow	🌾	/riːp/	gặt hái	to get a result from your work	reap the benefits	gain
reassurance	noun	emo_pos	🤗	/ˌriːəˈʃʊərəns/	sự trấn an	words that make you less worried	She needs reassurance.	comfort
receptive	adjective	char_good	👂	/rɪˈseptɪv/	dễ tiếp thu	willing to listen to new ideas	receptive to suggestions	open
recharge	verb	v_grow	🔋	/ˌriːˈtʃɑːdʒ/	sạc lại; nạp lại năng lượng	to fill with power again	I need a holiday to recharge.	refresh
reckless	adjective	beh_conduct	🏎️	/ˈrekləs/	liều lĩnh	not caring about danger	reckless driving	careless
recollect	verb	mind_know	💭	/ˌrekəˈlekt/	nhớ lại	to remember	I don't recollect his name.	recall
recollection	noun	mind_know	💭	/ˌrekəˈlekʃən/	kí ức	a memory	I have no recollection of that.	memory
reconcile	verb	beh_choice	🤝	/ˈrekənsaɪl/	hoà giải; dung hoà	to make friends again; to make ideas agree	They were reconciled after years apart.	make peace
reconstruct	verb	v_grow	🏗️	/ˌriːkənˈstrʌkt/	tái thiết; dựng lại	to build again; to work out what happened	Police reconstructed the crime.	rebuild
recreational	adjective	arts	🎡	/ˌrekriˈeɪʃənəl/	thuộc giải trí	relating to leisure	recreational activities	leisure
recur	verb	time	🔁	/rɪˈkɜː/	tái diễn	to happen again	The problem recurred.	repeat
redistribute	verb	soc_money	🔄	/ˌriːdɪˈstrɪbjuːt/	phân phối lại	to share out differently	redistribute wealth	reallocate
redundant	adjective	soc_money	📦	/rɪˈdʌndənt/	bị cho thôi việc; thừa	without a job; not needed	He was made redundant.	unnecessary
refine	verb	v_grow	✨	/rɪˈfaɪn/	tinh chế; hoàn thiện	to make pure; to improve	refine your technique	improve
refined	adjective	char_good	🎩	/rɪˈfaɪnd/	tao nhã; tinh chế	polite and elegant; made pure	refined sugar	elegant
refrain	verb	beh_choice	✋	/rɪˈfreɪn/	kiềm chế, tránh	to stop yourself from doing	Please refrain from smoking.	avoid
relentless	adjective	char_strong	🏃	/rɪˈlentləs/	không ngừng nghỉ	never stopping	relentless pressure	constant
relentlessly	adverb	adv_manner	🏃	/rɪˈlentləsli/	không ngừng	without stopping	She worked relentlessly.	constantly
reliance	noun	soc_life	🔗	/rɪˈlaɪəns/	sự phụ thuộc	depending on something	reliance on imports	dependence
reliant	adjective	soc_life	🔗	/rɪˈlaɪənt/	phụ thuộc	depending on	reliant on tourism	dependent
relish	verb, noun	emo_pos	😋	/ˈrelɪʃ/	thích thú	to enjoy very much	She relishes a challenge.	enjoy
remorse	noun	emo_sad	😔	/rɪˈmɔːs/	sự hối hận	deep regret	He showed no remorse.	regret
renewable	adjective	nature	♻️	/rɪˈnjuːəbəl/	có thể tái tạo	able to be replaced naturally	renewable energy	sustainable
renewal	noun	v_grow	🔄	/rɪˈnjuːəl/	sự đổi mới; gia hạn	making new again	urban renewal	renovation
repetition	noun	speak	🔁	/ˌrepɪˈtɪʃən/	sự lặp lại	doing or saying again	Learn by repetition.	repeat
reproach	noun, verb	speak	👉	/rɪˈprəʊtʃ/	sự trách móc	to criticise someone gently	a look of reproach	blame
resemblance	noun	mind_reason	👯	/rɪˈzembləns/	sự giống nhau	being similar	a family resemblance	likeness
resent	verb	emo_shock	😤	/rɪˈzent/	bực tức, oán giận	to feel angry about unfair treatment	She resents being told what to do.	begrudge
resentment	noun	emo_shock	😤	/rɪˈzentmənt/	sự oán giận	anger about unfair treatment	feelings of resentment	bitterness
resilience	noun	char_strong	🌱	/rɪˈzɪliəns/	sự kiên cường	the ability to recover quickly	the resilience of children	toughness
resilient	adjective	char_strong	🌱	/rɪˈzɪliənt/	kiên cường	able to recover quickly	a resilient economy	tough
resolve	verb, noun	beh_choice	🎯	/rɪˈzɒlv/	giải quyết; quyết tâm	to solve; strong determination	resolve a problem	settle
resourceful	adjective	char_good	🧰	/rɪˈzɔːsfəl/	tháo vát	good at finding solutions	a resourceful manager	inventive
respectable	adjective	judge_pos	🎩	/rɪˈspektəbəl/	đáng kính; kha khá	socially accepted; good enough	a respectable job	decent
respectfully	adverb	adv_manner	🙇	/rɪˈspektfəli/	một cách kính trọng	in a polite way	He spoke respectfully.	politely
restless	adjective	emo_shock	🌀	/ˈrestləs/	bồn chồn	unable to stay still	a restless night	fidgety
restrictive	adjective	soc_life	🚧	/rɪˈstrɪktɪv/	hạn chế	limiting freedom	restrictive laws	limiting
restructure	verb	soc_money	🏗️	/ˌriːˈstrʌktʃə/	tái cơ cấu	to organise differently	The company was restructured.	reorganize
retailer	noun	soc_money	🛍️	/ˈriːteɪlə/	nhà bán lẻ	a shop or business that sells to the public	a large retailer	shop
retain	verb	v_grow	🔒	/rɪˈteɪn/	giữ lại	to keep	retain information	keep
retention	noun	v_grow	🔒	/rɪˈtenʃən/	sự giữ lại	keeping something	staff retention	keeping
retrace	verb	v_physical	↩️	/rɪˈtreɪs/	đi lại (con đường cũ)	to go back the same way	We retraced our steps.	go back over
reunion	noun	soc_life	🥂	/ˌriːˈjuːniən/	cuộc hội ngộ	a meeting after a long time	a school reunion	gathering
reversal	noun	v_decline	🔄	/rɪˈvɜːsəl/	sự đảo ngược	a change to the opposite	a reversal of policy	turnaround
reversible	adjective	v_decline	🔄	/rɪˈvɜːsəbəl/	có thể đảo ngược	able to be changed back	The damage is reversible.	—
revert	verb	v_decline	↩️	/rɪˈvɜːt/	trở lại (tình trạng cũ)	to return to a previous state	He reverted to his old habits.	return
revolt	noun, verb	soc_politics	✊	/rɪˈvəʊlt/	cuộc nổi dậy	a violent protest against authority	a peasant revolt	rebellion
rhyme	noun, verb	arts	🎶	/raɪm/	vần; gieo vần	words with the same end sound	a nursery rhyme	—
ribbon	noun	things	🎀	/ˈrɪbən/	dải ruy băng	a long narrow strip of cloth	She tied her hair with a ribbon.	—
riches	noun	soc_money	💰	/ˈrɪtʃɪz/	của cải	wealth	a life of riches	wealth
right-wing	adjective	soc_politics	🏛️	/ˌraɪtˈwɪŋ/	cánh hữu	politically conservative	a right-wing party	conservative
rigid	adjective	neg_quality	🧱	/ˈrɪdʒɪd/	cứng nhắc	stiff; not willing to change	rigid rules	strict
ripe	adjective	nature	🍌	/raɪp/	chín	ready to eat	ripe bananas	mature
rivalry	noun	soc_life	🥊	/ˈraɪvəlri/	sự cạnh tranh, kình địch	competition between rivals	a fierce rivalry	competition
roar	verb, noun	senses	🦁	/rɔː/	gầm, gào	to make a loud deep sound	The lion roared.	bellow
rocky	adjective	nature	🪨	/ˈrɒki/	nhiều đá; bấp bênh	covered with rocks; difficult	a rocky path	stony
rosy	adjective	judge_pos	🌹	/ˈrəʊzi/	hồng hào; lạc quan	pink; hopeful	The future looks rosy.	bright
rot	verb, noun	nature	🍂	/rɒt/	thối rữa	to decay	The fruit began to rot.	decay
ruthless	adjective	char_bad	🐺	/ˈruːθləs/	tàn nhẫn	not caring about hurting others	a ruthless dictator	merciless
sadden	verb	emo_sad	😢	/ˈsædən/	làm buồn	to make sad	We were saddened by the news.	upset
saddle	noun	things	🐎	/ˈsædəl/	yên ngựa, yên xe	a seat on a horse or bike	He climbed into the saddle.	seat
sane	adjective	mind_know	🧠	/seɪn/	tỉnh táo	mentally healthy; sensible	No sane person would do that.	sensible
sarcastic	adjective	speak	🙃	/sɑːˈkæstɪk/	châm biếm	saying the opposite to mock	a sarcastic remark	mocking
scar	noun	health_body	🩹	/skɑː/	vết sẹo	a mark left by an injury	a scar on his face	mark
scarcely	adverb	adv_degree	🤏	/ˈskeəsli/	hầu như không	almost not	I could scarcely believe it.	hardly
scarcity	noun	measure	🏜️	/ˈskeəsəti/	sự khan hiếm	a lack of something	water scarcity	shortage
schooling	noun	soc_life	🏫	/ˈskuːlɪŋ/	sự học hành	education at school	ten years of schooling	education
scramble	verb	v_physical	🧗	/ˈskræmbəl/	trèo vội; tranh giành	to climb quickly; to compete for	People scrambled for seats.	clamber
scrap	noun, verb	things	🗑️	/skræp/	mẩu vụn; loại bỏ	a small piece; to get rid of	a scrap of paper	fragment
scroll	verb	v_physical	📜	/skrəʊl/	cuộn (màn hình)	to move text up or down on a screen	Scroll down to the bottom.	—
scruffy	adjective	neg_quality	👕	/ˈskrʌfi/	luộm thuộm	untidy and dirty	scruffy clothes	messy
secluded	adjective	nature	🏝️	/sɪˈkluːdɪd/	hẻo lánh	quiet and hidden	a secluded beach	isolated
sedentary	adjective	health_body	🛋️	/ˈsedəntəri/	ít vận động	involving a lot of sitting	a sedentary lifestyle	inactive
self-assurance	noun	self	😎	/ˌselfəˈʃʊərəns/	sự tự tin	confidence in yourself	She spoke with self-assurance.	confidence
self-assured	adjective	self	😎	/ˌselfəˈʃʊəd/	tự tin	confident	a self-assured young woman	confident
self-awareness	noun	self	🪞	/ˌselfəˈweənəs/	sự tự nhận thức	knowing your own character	Good leaders have self-awareness.	—
self-control	noun	self	🧘	/ˌselfkənˈtrəʊl/	sự tự chủ	controlling your emotions	He lost his self-control.	restraint
self-discipline	noun	self	📏	/ˌselfˈdɪsɪplɪn/	tính kỉ luật tự giác	making yourself do what you should	Studying alone takes self-discipline.	willpower
self-made	adjective	self	🏗️	/ˌselfˈmeɪd/	tự thân lập nghiệp	successful through your own efforts	a self-made millionaire	—
self-reliance	noun	self	🧍	/ˌselfrɪˈlaɪəns/	sự tự lực	depending on yourself	Parents should teach self-reliance.	independence
self-reliant	adjective	self	🧍	/ˌselfrɪˈlaɪənt/	tự lực	not needing help from others	a self-reliant teenager	independent
self-respect	noun	self	🦁	/ˌselfrɪˈspekt/	lòng tự trọng	respect for yourself	He lost his self-respect.	dignity
self-sufficient	adjective	self	🌾	/ˌselfsəˈfɪʃənt/	tự cung tự cấp	able to provide everything you need	The farm is self-sufficient.	independent
sensational	adjective	judge_pos	🤩	/senˈseɪʃənəl/	giật gân; tuyệt vời	causing excitement; very good	a sensational goal	amazing
senseless	adjective	neg_harm	🙅	/ˈsensləs/	vô nghĩa	without purpose	senseless violence	pointless
sensibility	noun	char_good	🌸	/ˌsensɪˈbɪləti/	sự nhạy cảm tinh tế	the ability to feel and understand	artistic sensibility	sensitivity
sentimental	adjective	emo_pos	💌	/ˌsentɪˈmentəl/	đa cảm; mang giá trị tình cảm	showing emotions strongly	sentimental value	nostalgic
serene	adjective	emo_pos	🌅	/sɪˈriːn/	thanh bình	calm and peaceful	a serene lake	peaceful
serenity	noun	emo_pos	🌅	/sɪˈrenəti/	sự thanh thản	calm and peace	a feeling of serenity	calmness
severity	noun	measure	⚠️	/sɪˈverəti/	mức độ nghiêm trọng	how serious something is	the severity of the injury	seriousness
shabby	adjective	neg_quality	🧥	/ˈʃæbi/	tồi tàn	old and in bad condition	a shabby coat	worn-out
shaken	adjective	emo_shock	😰	/ˈʃeɪkən/	bàng hoàng	shocked and upset	She was badly shaken by the accident.	upset
sharpen	verb	v_grow	✏️	/ˈʃɑːpən/	mài sắc; nâng cao	to make sharp; to improve	sharpen your skills	hone
shattered	adjective	emo_sad	😩	/ˈʃætəd/	kiệt sức; suy sụp	very tired; very upset	I'm shattered after work.	exhausted
shiver	verb, noun	v_physical	🥶	/ˈʃɪvə/	run rẩy	to shake with cold or fear	She shivered in the wind.	tremble
short-sighted	adjective	neg_harm	👓	/ˌʃɔːtˈsaɪtɪd/	cận thị; thiển cận	unable to see far; not thinking of the future	a short-sighted policy	—
shrewd	adjective	char_good	🦉	/ʃruːd/	khôn ngoan, sắc sảo	clever at judging situations	a shrewd businessman	astute
shudder	verb, noun	v_physical	😖	/ˈʃʌdə/	rùng mình	to shake with fear or disgust	I shudder to think what happened.	tremble
side effect	noun	health_med	💊	/ˈsaɪd ɪˌfekt/	tác dụng phụ	an extra, unwanted effect	The drug has few side effects.	—
sideways	adverb	v_physical	↔️	/ˈsaɪdweɪz/	sang một bên	to or from the side	She stepped sideways.	—
simplification	noun	speak	📉	/ˌsɪmplɪfɪˈkeɪʃən/	sự đơn giản hoá	making something simpler	an oversimplification	—
sincerity	noun	char_good	💗	/sɪnˈserəti/	sự chân thành	being honest and sincere	I don't doubt his sincerity.	honesty
sip	verb, noun	v_physical	🍵	/sɪp/	nhấp (từng ngụm)	to drink in small amounts	She sipped her tea.	—
siren	noun	senses	🚨	/ˈsaɪərən/	còi báo động	a loud warning sound	a police siren	alarm
slaughter	noun, verb	soc_crime	🔪	/ˈslɔːtə/	sự tàn sát	killing many people or animals	the slaughter of innocent people	massacre
slender	adjective	health_body	🧍	/ˈslendə/	thon thả; ít ỏi	thin and graceful; small	slender fingers	slim
smoky	adjective	senses	💨	/ˈsməʊki/	đầy khói	full of smoke	a smoky room	—
smoothly	adverb	adv_manner	🧈	/ˈsmuːðli/	trôi chảy	without problems	Everything went smoothly.	easily
snatch	verb	v_physical	🫳	/snætʃ/	giật lấy	to take quickly	He snatched her bag.	grab
sneak	verb	v_physical	🥷	/sniːk/	lẻn	to go quietly and secretly	He sneaked out of the house.	creep
sniff	verb, noun	senses	👃	/snɪf/	khịt mũi, ngửi	to breathe in through the nose	The dog sniffed the ground.	smell
snob	noun	char_bad	🧐	/snɒb/	kẻ hợm hĩnh	a person who looks down on others	a wine snob	—
snobbish	adjective	char_bad	🧐	/ˈsnɒbɪʃ/	hợm hĩnh	looking down on others	snobbish attitudes	arrogant
sober	adjective	beh_conduct	🥤	/ˈsəʊbə/	tỉnh táo (không say); nghiêm túc	not drunk; serious	He stayed sober all night.	serious
socialism	noun	soc_politics	🚩	/ˈsəʊʃəlɪzəm/	chủ nghĩa xã hội	a political system of shared ownership	the ideals of socialism	—
solitary	adjective	soc_life	🧍	/ˈsɒlɪtəri/	đơn độc	alone; single	a solitary walk	lonely
soothing	adjective	emo_pos	🛁	/ˈsuːðɪŋ/	êm dịu	making you calm	soothing music	calming
sorrow	noun	emo_sad	😢	/ˈsɒrəʊ/	nỗi buồn	deep sadness	She hid her sorrow.	grief
spade	noun	things	🪏	/speɪd/	cái xẻng	a tool for digging	a garden spade	shovel
sparsely	adverb	adv_degree	🏜️	/ˈspɑːsli/	thưa thớt	with few people or things	a sparsely populated area	thinly
spiral	noun, verb	v_decline	🌀	/ˈspaɪərəl/	hình xoắn ốc; tăng vọt	a curve that turns round; to rise fast	spiralling costs	—
spiritually	adverb	adv_degree	🕯️	/ˈspɪrɪtʃuəli/	về mặt tinh thần	in a spiritual way	spiritually rich	—
spit	verb	v_physical	💦	/spɪt/	khạc nhổ	to force out from the mouth	Don't spit in the street.	—
splash	verb, noun	v_physical	💦	/splæʃ/	té nước	to hit water and make it fly	The kids splashed in the pool.	spray
splendour	noun	judge_pos	🏰	/ˈsplendə/	sự lộng lẫy	great beauty	the splendour of the palace	magnificence
spotless	adjective	judge_pos	✨	/ˈspɒtləs/	sạch bong	completely clean	a spotless kitchen	immaculate
sprinkle	verb	v_physical	🧂	/ˈsprɪŋkəl/	rắc	to scatter small drops or pieces	Sprinkle sugar on top.	scatter
spur	verb, noun	v_grow	🐎	/spɜː/	thúc đẩy	to encourage to act	Success spurred him on.	motivate
squander	verb	beh_conduct	💸	/ˈskwɒndə/	phung phí	to waste	He squandered his money.	waste
squeak	verb, noun	senses	🐭	/skwiːk/	kêu cót két, chít chít	to make a short high sound	The door squeaks.	creak
squeaky	adjective	senses	🐭	/ˈskwiːki/	cót két, the thé	making a high sound	a squeaky voice	high-pitched
stagger	verb	v_physical	🥴	/ˈstæɡə/	lảo đảo	to walk unsteadily	He staggered home.	stumble
stain	noun, verb	things	🟤	/steɪn/	vết bẩn	a dirty mark	a coffee stain	mark
standpoint	noun	mind_reason	🧍	/ˈstændpɔɪnt/	quan điểm	a point of view	from a legal standpoint	viewpoint
stardom	noun	arts	⭐	/ˈstɑːdəm/	sự nổi tiếng	being a star	her rise to stardom	fame
starvation	noun	soc_crime	🥣	/stɑːˈveɪʃən/	nạn đói	suffering from lack of food	dying of starvation	hunger
stereotypical	adjective	soc_life	🏷️	/ˌsteriəʊˈtɪpɪkəl/	rập khuôn	fitting a fixed idea	a stereotypical image	—
stern	adjective	char_social	😠	/stɜːn/	nghiêm khắc	serious and strict	a stern warning	strict
stitch	noun, verb	things	🧵	/stɪtʃ/	mũi khâu; khâu	a piece of thread in cloth or skin	He needed ten stitches.	—
stranded	adjective	soc_crime	🏝️	/ˈstrændɪd/	mắc kẹt	unable to leave	stranded at the airport	stuck
strap	noun	things	🎒	/stræp/	dây đeo	a narrow band to hold something	a watch strap	band
strategically	adverb	adv_manner	♟️	/strəˈtiːdʒɪkli/	một cách chiến lược	in a planned way	strategically placed	—
strenuous	adjective	health_body	🏋️	/ˈstrenjuəs/	vất vả	needing great effort	strenuous exercise	demanding
striker	noun	arts	⚽	/ˈstraɪkə/	tiền đạo	a football player who scores goals	the team's top striker	forward
structured	adjective	soc_life	🏗️	/ˈstrʌktʃəd/	có tổ chức	carefully organised	a structured course	organized
stubbornness	noun	char_bad	🐂	/ˈstʌbənnəs/	tính bướng bỉnh	refusing to change	his stubbornness	obstinacy
stunned	adjective	emo_shock	😲	/stʌnd/	sững sờ	very shocked	a stunned silence	shocked
stupidity	noun	char_bad	🤦	/stjuːˈpɪdəti/	sự ngu ngốc	behaviour that is not sensible	an act of stupidity	foolishness
subconsciously	adverb	adv_manner	🧠	/sʌbˈkɒnʃəsli/	trong tiềm thức	without being aware	Subconsciously, I knew.	unconsciously
succumb	verb	v_decline	🏳️	/səˈkʌm/	khuất phục	to be unable to resist	She succumbed to temptation.	give in
sufferer	noun	health_med	🤕	/ˈsʌfərə/	người bị bệnh	a person with an illness	asthma sufferers	patient
summon	verb	speak	📣	/ˈsʌmən/	triệu tập	to order to come	He was summoned to the office.	call
superficial	adjective	neg_quality	🪞	/ˌsuːpəˈfɪʃəl/	hời hợt	only on the surface	a superficial wound	shallow
superficially	adverb	adv_degree	🪞	/ˌsuːpəˈfɪʃəli/	bề ngoài	on the surface	superficially similar	apparently
superfluous	adjective	measure	➕	/suːˈpɜːfluəs/	thừa	more than needed	superfluous details	unnecessary
superiority	noun	soc_life	🥇	/suːˌpɪəriˈɒrəti/	sự vượt trội	being better	a sense of superiority	—
supplementary	adjective	measure	➕	/ˌsʌplɪˈmentəri/	bổ sung	added to something	supplementary materials	additional
surpass	verb	v_grow	🏆	/səˈpɑːs/	vượt qua	to be better than	Sales surpassed expectations.	exceed
suspense	noun	arts	😬	/səˈspens/	sự hồi hộp	excitement about what will happen	Don't keep me in suspense!	tension
sustainability	noun	nature	♻️	/səˌsteɪnəˈbɪləti/	tính bền vững	using resources without harming the future	environmental sustainability	—
swift	adjective	time	⚡	/swɪft/	nhanh chóng	quick	a swift response	fast
swiftly	adverb	adv_manner	⚡	/ˈswɪftli/	nhanh chóng	quickly	He acted swiftly.	quickly
syllabus	noun	soc_life	📋	/ˈsɪləbəs/	đề cương môn học	a list of topics for a course	the English syllabus	curriculum
sympathize	verb	emo_pos	🤝	/ˈsɪmpəθaɪz/	thông cảm	to understand someone's feelings	I sympathize with you.	empathize
synonym	noun	speak	🔁	/ˈsɪnənɪm/	từ đồng nghĩa	a word with the same meaning	"""Big"" is a synonym of ""large""."	—
synonymous	adjective	speak	🔁	/sɪˈnɒnɪməs/	đồng nghĩa; gắn liền với	closely connected with	Paris is synonymous with fashion.	associated
systematically	adverb	adv_manner	📋	/ˌsɪstəˈmætɪkli/	một cách có hệ thống	in an organised way	work systematically	methodically
tact	noun	char_good	🤐	/tækt/	sự khéo léo	care not to upset others	She handled it with tact.	diplomacy
tactful	adjective	char_good	🤐	/ˈtæktfəl/	khéo léo, tế nhị	careful not to upset others	a tactful reply	diplomatic
tactless	adjective	char_bad	🙊	/ˈtæktləs/	vô duyên, thiếu tế nhị	likely to upset others	a tactless remark	insensitive
tangible	adjective	mind_reason	✋	/ˈtændʒəbəl/	hữu hình, rõ ràng	real and able to be shown	tangible results	concrete
tasteful	adjective	judge_pos	🎨	/ˈteɪstfəl/	trang nhã	attractive and well chosen	tasteful decoration	elegant
tasteless	adjective	neg_quality	🙅	/ˈteɪstləs/	nhạt; kém duyên	without flavour; offensive	a tasteless joke	vulgar
tenderness	noun	emo_pos	💗	/ˈtendənəs/	sự dịu dàng	gentle love	She spoke with tenderness.	gentleness
territorial	adjective	soc_politics	🗺️	/ˌterɪˈtɔːriəl/	thuộc lãnh thổ	relating to land owned by a country	territorial waters	—
theoretically	adverb	adv_degree	📐	/ˌθɪəˈretɪkli/	về lí thuyết	in theory	Theoretically, it should work.	in theory
thinker	noun	mind_know	🤔	/ˈθɪŋkə/	nhà tư tưởng	a person who thinks deeply	a great thinker	philosopher
thoughtfully	adverb	adv_manner	💭	/ˈθɔːtfəli/	một cách trầm ngâm; chu đáo	in a thinking or kind way	She looked at me thoughtfully.	—
thoughtless	adjective	beh_conduct	🙊	/ˈθɔːtləs/	vô tâm	not caring about others	a thoughtless remark	inconsiderate
thriving	adjective	judge_pos	🌿	/ˈθraɪvɪŋ/	phát đạt	very successful	a thriving business	flourishing
throne	noun	soc_politics	👑	/θrəʊn/	ngai vàng	a king's or queen's special chair	the heir to the throne	—
timid	adjective	char_social	🐭	/ˈtɪmɪd/	nhút nhát	shy and nervous	a timid child	shy
tiresome	adjective	neg_quality	😩	/ˈtaɪəsəm/	phiền phức, chán ngắt	annoying and boring	a tiresome task	tedious
toddler	noun	soc_life	🧒	/ˈtɒdlə/	trẻ mới biết đi	a young child learning to walk	a toddler of two	—
token	noun	things	🎟️	/ˈtəʊkən/	thẻ, xu; biểu tượng	a disc used instead of money; a sign	a token of our thanks	symbol
torrential	adjective	nature	🌧️	/təˈrenʃəl/	như trút nước	very heavy (rain)	torrential rain	heavy
totalitarian	adjective	soc_politics	🏛️	/təʊˌtælɪˈteəriən/	chuyên chế	controlling everything with no opposition	a totalitarian state	authoritarian
toughness	noun	char_strong	💪	/ˈtʌfnəs/	sự cứng rắn	strength and determination	mental toughness	strength
tragically	adverb	adv_manner	💔	/ˈtrædʒɪkli/	một cách bi thảm	in a very sad way	He died tragically young.	sadly
tranquillity	noun	emo_pos	🌿	/træŋˈkwɪləti/	sự yên bình	peace and calm	the tranquillity of the countryside	peace
transplant	noun, verb	health_med	🫀	/ˈtrænsplɑːnt/	sự cấy ghép	moving an organ to another body	a heart transplant	—
traumatic	adjective	emo_sad	💔	/trɔːˈmætɪk/	gây chấn thương tâm lí	very upsetting	a traumatic experience	distressing
tread	verb	v_physical	👣	/tred/	giẫm lên	to put your foot on	Don't tread on the grass.	step
trilogy	noun	arts	📚	/ˈtrɪlədʒi/	bộ ba tác phẩm	a set of three books or films	the Lord of the Rings trilogy	—
troublesome	adjective	neg_quality	😣	/ˈtrʌbəlsəm/	gây rắc rối	causing problems	a troublesome cough	annoying
trudge	verb	v_physical	🥾	/trʌdʒ/	lê bước	to walk slowly and with effort	We trudged through the snow.	plod
turbulent	adjective	soc_politics	🌪️	/ˈtɜːbjələnt/	hỗn loạn, sóng gió	full of change and trouble	a turbulent period	stormy
turmoil	noun	emo_sad	🌪️	/ˈtɜːmɔɪl/	sự hỗn loạn	great confusion	The country was in turmoil.	chaos
unaffected	adjective	v_grow	🛡️	/ˌʌnəˈfektɪd/	không bị ảnh hưởng	not changed by something	Our area was unaffected.	untouched
unanimous	adjective	soc_politics	🙌	/juːˈnænɪməs/	nhất trí	agreed by everyone	a unanimous decision	united
unanimously	adverb	adv_manner	🙌	/juːˈnænɪməsli/	nhất trí	with everyone agreeing	The plan was approved unanimously.	—
unattainable	adjective	neg_harm	🚫	/ˌʌnəˈteɪnəbəl/	không thể đạt được	impossible to achieve	an unattainable goal	impossible
unavoidably	adverb	adv_degree	🚧	/ˌʌnəˈvɔɪdəbli/	không thể tránh khỏi	in a way that cannot be avoided	I was unavoidably delayed.	inevitably
unbalanced	adjective	neg_harm	⚖️	/ʌnˈbælənst/	mất cân bằng; thiên lệch	not fair or equal; mentally ill	an unbalanced diet	uneven
unbiased	adjective	judge_pos	⚖️	/ʌnˈbaɪəst/	khách quan	fair, not favouring one side	unbiased advice	impartial
unconditional	adjective	emo_pos	💗	/ˌʌnkənˈdɪʃənəl/	vô điều kiện	without limits	unconditional love	absolute
unconsciously	adverb	adv_manner	💤	/ʌnˈkɒnʃəsli/	một cách vô thức	without knowing	She unconsciously touched her hair.	unknowingly
undeniably	adverb	adv_degree	✅	/ˌʌndɪˈnaɪəbli/	không thể phủ nhận	certainly	It is undeniably beautiful.	clearly
underdeveloped	adjective	soc_money	🌱	/ˌʌndədɪˈveləpt/	kém phát triển	not fully developed	underdeveloped countries	developing
undertaking	noun	soc_money	🏗️	/ˌʌndəˈteɪkɪŋ/	công việc lớn	a big task or project	a major undertaking	task
underway	adjective	time	▶️	/ˌʌndəˈweɪ/	đang được tiến hành	already started	Work is already underway.	in progress
undesirable	adjective	neg_harm	👎	/ˌʌndɪˈzaɪərəbəl/	không mong muốn	not wanted	undesirable side effects	unwanted
undeveloped	adjective	nature	🌳	/ˌʌndɪˈveləpt/	chưa phát triển, hoang sơ	not built on or used	undeveloped land	wild
undoubted	adjective	judge_pos	✅	/ʌnˈdaʊtɪd/	chắc chắn	certain	her undoubted talent	definite
undue	adjective	measure	➕	/ʌnˈdjuː/	quá mức	more than necessary	undue pressure	excessive
unethical	adjective	neg_harm	⚖️	/ʌnˈeθɪkəl/	trái đạo đức	morally wrong	unethical behaviour	immoral
uneven	adjective	senses	〰️	/ʌnˈiːvən/	gồ ghề; không đều	not flat; not equal	an uneven surface	rough
uneventful	adjective	time	😴	/ˌʌnɪˈventfəl/	bình lặng	without anything interesting happening	an uneventful journey	quiet
unfavourable	adjective	neg_harm	👎	/ʌnˈfeɪvərəbəl/	bất lợi	not good	unfavourable weather	adverse
unimaginable	adjective	mind_know	🤯	/ˌʌnɪˈmædʒɪnəbəl/	không thể tưởng tượng	impossible to imagine	unimaginable wealth	inconceivable
uninhabited	adjective	nature	🏝️	/ˌʌnɪnˈhæbɪtɪd/	không có người ở	with no people living there	an uninhabited island	deserted
unload	verb	v_physical	📦	/ʌnˈləʊd/	dỡ hàng	to take things off a vehicle	unload the truck	empty
unrest	noun	soc_politics	✊	/ʌnˈrest/	tình trạng bất ổn	angry protests	political unrest	disorder
unscrupulous	adjective	char_bad	🦊	/ʌnˈskruːpjələs/	vô đạo đức	dishonest and unfair	unscrupulous landlords	dishonest
unsustainable	adjective	nature	⛔	/ˌʌnsəˈsteɪnəbəl/	không bền vững	unable to continue	unsustainable growth	—
unwind	verb	emo_pos	🛀	/ʌnˈwaɪnd/	thư giãn	to relax	I unwind by reading.	relax
unwise	adjective	neg_harm	🙅	/ʌnˈwaɪz/	thiếu khôn ngoan	not sensible	an unwise decision	foolish
uphill	adjective, adverb	v_physical	⛰️	/ʌpˈhɪl/	lên dốc; gian nan	going up; difficult	an uphill battle	difficult
upkeep	noun	soc_money	🔧	/ˈʌpkiːp/	chi phí bảo trì	the cost of keeping something in good condition	the upkeep of the house	maintenance
upwards	adverb	v_physical	⬆️	/ˈʌpwədz/	hướng lên	towards a higher place	She looked upwards.	up
utter	adjective, verb	speak	💬	/ˈʌtə/	hoàn toàn; thốt ra	complete; to say	utter nonsense	complete
vaccinate	verb	health_med	💉	/ˈvæksɪneɪt/	tiêm vắc-xin	to give a vaccine	All children should be vaccinated.	immunize
vaccination	noun	health_med	💉	/ˌvæksɪˈneɪʃən/	sự tiêm chủng	giving a vaccine	a vaccination programme	immunization
vaccine	noun	health_med	💉	/ˈvæksiːn/	vắc-xin	a substance that protects against disease	a flu vaccine	—
vaguely	adverb	adv_degree	🌫️	/ˈveɪɡli/	mơ hồ; hơi hơi	not clearly; slightly	I vaguely remember him.	faintly
vain	adjective	char_bad	🪞	/veɪn/	tự phụ; vô ích	too proud of your looks; useless	a vain attempt	conceited
vandalism	noun	soc_crime	🧱	/ˈvændəlɪzəm/	sự phá hoại của công	damaging property on purpose	acts of vandalism	—
vanity	noun	char_bad	🪞	/ˈvænəti/	tính phù phiếm	being too proud of yourself	an act of vanity	conceit
velvet	noun	things	🧣	/ˈvelvɪt/	vải nhung	a soft cloth	a velvet dress	—
vent	verb, noun	emo_pos	💨	/vent/	trút (giận); lỗ thông hơi	to express strong feelings; an opening for air	She vented her anger on me.	express
versatile	adjective	char_good	🔧	/ˈvɜːsətaɪl/	đa năng	able to do many things	a versatile actor	adaptable
vicinity	noun	measure	📍	/vɪˈsɪnəti/	vùng lân cận	the nearby area	in the vicinity of the school	neighbourhood
visibly	adverb	adv_degree	👀	/ˈvɪzəbli/	rõ ràng, thấy rõ	in a way that can be seen	She was visibly upset.	noticeably
vitality	noun	char_strong	⚡	/vaɪˈtæləti/	sức sống	energy and strength	full of vitality	energy
vitally	adverb	adv_degree	❗	/ˈvaɪtəli/	cực kì (quan trọng)	extremely	vitally important	crucially
vivacious	adjective	char_strong	🎉	/vɪˈveɪʃəs/	hoạt bát	lively and attractive	a vivacious young woman	lively
vocation	noun	soc_money	🎯	/vəʊˈkeɪʃən/	thiên hướng, nghề nghiệp	a strong feeling for a type of work	Teaching is her vocation.	calling
vocational	adjective	soc_money	🛠️	/vəʊˈkeɪʃənəl/	thuộc dạy nghề	relating to job skills	vocational training	—
voluntarily	adverb	adv_manner	🙋	/ˈvɒləntərəli/	tự nguyện	without being forced	He left voluntarily.	willingly
vomit	verb, noun	health_med	🤮	/ˈvɒmɪt/	nôn	to bring food up from the stomach	The child vomited twice.	be sick
voter	noun	soc_politics	🗳️	/ˈvəʊtə/	cử tri	a person who votes	young voters	—
wary	adjective	char_social	🦊	/ˈweəri/	cảnh giác	careful because of danger	wary of strangers	cautious
weary	adjective	emo_sad	😩	/ˈwɪəri/	mệt mỏi	very tired	weary travellers	tired
weep	verb	emo_sad	😭	/wiːp/	khóc	to cry	She wept with joy.	cry
whim	noun	beh_choice	💭	/wɪm/	ý thích bất chợt	a sudden wish	on a whim	impulse
wholeheartedly	adverb	adv_manner	💯	/ˌhəʊlˈhɑːtɪdli/	hết lòng	completely	I agree wholeheartedly.	fully
wicked	adjective	char_bad	😈	/ˈwɪkɪd/	độc ác	very bad; evil	a wicked witch	evil
wield	verb	soc_politics	🗡️	/wiːld/	nắm giữ (quyền lực); cầm	to have power; to hold a weapon	She wields great influence.	exercise
wilderness	noun	nature	🏔️	/ˈwɪldənəs/	vùng hoang dã	a wild, empty area	the Alaskan wilderness	wilds
willpower	noun	self	💪	/ˈwɪlpaʊə/	ý chí	the ability to control yourself	It takes willpower to diet.	self-control
wink	verb, noun	v_physical	😉	/wɪŋk/	nháy mắt	to close one eye quickly	He winked at me.	—
withdrawn	adjective	char_social	🐢	/wɪðˈdrɔːn/	khép kín	quiet and not wanting to talk	a withdrawn child	shy
withstand	verb	v_grow	🛡️	/wɪðˈstænd/	chịu được	to not be damaged by	The building can withstand earthquakes.	resist
woodland	noun	nature	🌳	/ˈwʊdlənd/	vùng rừng	land covered with trees	a walk in the woodland	forest
workaholic	noun	char_social	💼	/ˌwɜːkəˈhɒlɪk/	người nghiện việc	a person who works too much	My dad is a workaholic.	—
worthless	adjective	neg_quality	🗑️	/ˈwɜːθləs/	vô giá trị	having no value	worthless junk	valueless
would-be	adjective	self	🌠	/ˈwʊdbiː/	tương lai, muốn trở thành	hoping to become	would-be actors	aspiring
wreck	verb, noun	v_decline	💥	/rek/	phá huỷ; xác tàu	to destroy; a destroyed vehicle	The storm wrecked our plans.	ruin
wreckage	noun	soc_crime	🚢	/ˈrekɪdʒ/	mảnh vỡ, đống đổ nát	the remains of a crash	the wreckage of the plane	debris
wretched	adjective	emo_sad	😞	/ˈretʃɪd/	khốn khổ	very unhappy; very bad	I felt wretched.	miserable
wrinkle	noun	health_body	👵	/ˈrɪŋkəl/	nếp nhăn	a line on the skin	wrinkles around her eyes	line
wrinkled	adjective	health_body	👵	/ˈrɪŋkəld/	nhăn nheo	having lines	wrinkled hands	lined
xenophobia	noun	soc_politics	🚷	/ˌzenəʊˈfəʊbiə/	chứng bài ngoại	fear or dislike of foreigners	xenophobia and racism	—
yearn	verb	emo_pos	💭	/jɜːn/	khao khát	to want something very much	She yearned for home.	long
